Year,Age,Suicides
1981,10,0
1981,11,0
1981,12,2
1981,13,2
1981,14,1
1981,15,20
1981,16,31
1981,17,36
1981,18,49
1981,19,56
1981,20,58
1981,21,58
1981,22,62
1981,23,89
1981,24,77
1981,25,72
1981,26,69
1981,27,84
1981,28,87
1981,29,96
1981,30,98
1981,31,92
1981,32,92
1981,33,84
1981,34,84
1981,35,90
1981,36,93
1981,37,85
1981,38,98
1981,39,68
1981,40,85
1981,41,81
1981,42,89
1981,43,97
1981,44,87
1981,45,98
1981,46,63
1981,47,98
1981,48,88
1981,49,107
1981,50,112
1981,51,116
1981,52,106
1981,53,103
1981,54,100
1981,55,110
1981,56,107
1981,57,110
1981,58,112
1981,59,118
1981,60,123
1981,61,122
1981,62,75
1981,63,75
1981,64,84
1981,65,90
1981,66,78
1981,67,109
1981,68,101
1981,69,86
1981,70,74
1981,71,80
1981,72,87
1981,73,89
1981,74,87
1981,75,79
1981,76,65
1981,77,57
1981,78,55
1981,79,47
1981,80,40
1981,81,45
1981,82,29
1981,83,26
1981,84,23
1981,85,23
1981,86,14
1981,87,12
1981,88,7
1981,89,7
1982,10,0
1982,11,0
1982,12,0
1982,13,4
1982,14,3
1982,15,10
1982,16,24
1982,17,30
1982,18,35
1982,19,52
1982,20,73
1982,21,60
1982,22,58
1982,23,68
1982,24,82
1982,25,71
1982,26,92
1982,27,80
1982,28,86
1982,29,85
1982,30,71
1982,31,81
1982,32,98
1982,33,77
1982,34,101
1982,35,106
1982,36,86
1982,37,91
1982,38,82
1982,39,80
1982,40,72
1982,41,91
1982,42,82
1982,43,80
1982,44,97
1982,45,91
1982,46,96
1982,47,86
1982,48,89
1982,49,118
1982,50,79
1982,51,96
1982,52,111
1982,53,101
1982,54,95
1982,55,110
1982,56,124
1982,57,110
1982,58,90
1982,59,112
1982,60,95
1982,61,102
1982,62,106
1982,63,72
1982,64,83
1982,65,79
1982,66,96
1982,67,103
1982,68,95
1982,69,79
1982,70,88
1982,71,73
1982,72,86
1982,73,84
1982,74,86
1982,75,71
1982,76,66
1982,77,62
1982,78,56
1982,79,44
1982,80,43
1982,81,47
1982,82,35
1982,83,26
1982,84,30
1982,85,21
1982,86,24
1982,87,14
1982,88,12
1982,89,9
1983,10,0
1983,11,0
1983,12,0
1983,13,4
1983,14,4
1983,15,10
1983,16,16
1983,17,26
1983,18,48
1983,19,56
1983,20,72
1983,21,75
1983,22,67
1983,23,54
1983,24,78
1983,25,68
1983,26,73
1983,27,83
1983,28,70
1983,29,81
1983,30,65
1983,31,81
1983,32,85
1983,33,86
1983,34,78
1983,35,110
1983,36,93
1983,37,99
1983,38,99
1983,39,93
1983,40,97
1983,41,83
1983,42,84
1983,43,86
1983,44,84
1983,45,104
1983,46,77
1983,47,92
1983,48,80
1983,49,93
1983,50,91
1983,51,97
1983,52,96
1983,53,102
1983,54,92
1983,55,115
1983,56,90
1983,57,106
1983,58,93
1983,59,92
1983,60,102
1983,61,102
1983,62,109
1983,63,125
1983,64,61
1983,65,62
1983,66,81
1983,67,100
1983,68,101
1983,69,73
1983,70,67
1983,71,80
1983,72,86
1983,73,92
1983,74,67
1983,75,75
1983,76,72
1983,77,57
1983,78,52
1983,79,62
1983,80,42
1983,81,41
1983,82,31
1983,83,28
1983,84,28
1983,85,21
1983,86,12
1983,87,19
1983,88,18
1983,89,7
1984,10,0
1984,11,0
1984,12,0
1984,13,1
1984,14,1
1984,15,16
1984,16,13
1984,17,35
1984,18,44
1984,19,56
1984,20,54
1984,21,78
1984,22,70
1984,23,52
1984,24,89
1984,25,84
1984,26,66
1984,27,69
1984,28,85
1984,29,82
1984,30,73
1984,31,67
1984,32,69
1984,33,96
1984,34,103
1984,35,95
1984,36,93
1984,37,118
1984,38,97
1984,39,104
1984,40,86
1984,41,98
1984,42,94
1984,43,84
1984,44,91
1984,45,124
1984,46,84
1984,47,87
1984,48,89
1984,49,103
1984,50,100
1984,51,76
1984,52,96
1984,53,107
1984,54,109
1984,55,93
1984,56,89
1984,57,110
1984,58,105
1984,59,91
1984,60,101
1984,61,101
1984,62,105
1984,63,100
1984,64,104
1984,65,79
1984,66,57
1984,67,66
1984,68,81
1984,69,81
1984,70,69
1984,71,79
1984,72,87
1984,73,82
1984,74,74
1984,75,78
1984,76,81
1984,77,54
1984,78,57
1984,79,43
1984,80,60
1984,81,42
1984,82,35
1984,83,34
1984,84,25
1984,85,14
1984,86,10
1984,87,14
1984,88,12
1984,89,12
1985,10,0
1985,11,0
1985,12,0
1985,13,2
1985,14,1
1985,15,8
1985,16,15
1985,17,35
1985,18,47
1985,19,66
1985,20,71
1985,21,79
1985,22,81
1985,23,93
1985,24,81
1985,25,86
1985,26,79
1985,27,72
1985,28,92
1985,29,83
1985,30,95
1985,31,88
1985,32,84
1985,33,100
1985,34,79
1985,35,97
1985,36,96
1985,37,97
1985,38,101
1985,39,86
1985,40,124
1985,41,93
1985,42,95
1985,43,88
1985,44,86
1985,45,102
1985,46,101
1985,47,89
1985,48,96
1985,49,99
1985,50,85
1985,51,86
1985,52,88
1985,53,104
1985,54,101
1985,55,106
1985,56,97
1985,57,95
1985,58,101
1985,59,102
1985,60,101
1985,61,114
1985,62,97
1985,63,115
1985,64,101
1985,65,110
1985,66,88
1985,67,86
1985,68,77
1985,69,77
1985,70,72
1985,71,86
1985,72,77
1985,73,83
1985,74,84
1985,75,76
1985,76,76
1985,77,52
1985,78,52
1985,79,73
1985,80,51
1985,81,50
1985,82,36
1985,83,41
1985,84,24
1985,85,23
1985,86,20
1985,87,11
1985,88,11
1985,89,6
1986,10,0
1986,11,0
1986,12,0
1986,13,1
1986,14,2
1986,15,17
1986,16,17
1986,17,34
1986,18,55
1986,19,61
1986,20,86
1986,21,80
1986,22,95
1986,23,102
1986,24,74
1986,25,73
1986,26,101
1986,27,96
1986,28,89
1986,29,77
1986,30,77
1986,31,76
1986,32,94
1986,33,91
1986,34,91
1986,35,89
1986,36,71
1986,37,97
1986,38,103
1986,39,124
1986,40,97
1986,41,78
1986,42,93
1986,43,93
1986,44,80
1986,45,88
1986,46,89
1986,47,79
1986,48,95
1986,49,86
1986,50,97
1986,51,84
1986,52,93
1986,53,102
1986,54,89
1986,55,79
1986,56,82
1986,57,89
1986,58,92
1986,59,91
1986,60,95
1986,61,90
1986,62,104
1986,63,109
1986,64,83
1986,65,113
1986,66,108
1986,67,62
1986,68,59
1986,69,64
1986,70,85
1986,71,84
1986,72,81
1986,73,71
1986,74,72
1986,75,79
1986,76,89
1986,77,63
1986,78,62
1986,79,44
1986,80,45
1986,81,50
1986,82,53
1986,83,41
1986,84,23
1986,85,23
1986,86,22
1986,87,10
1986,88,6
1986,89,6
1987,10,0
1987,11,1
1987,12,0
1987,13,1
1987,14,4
1987,15,14
1987,16,28
1987,17,40
1987,18,62
1987,19,64
1987,20,98
1987,21,99
1987,22,101
1987,23,89
1987,24,93
1987,25,98
1987,26,96
1987,27,88
1987,28,86
1987,29,71
1987,30,97
1987,31,97
1987,32,81
1987,33,106
1987,34,82
1987,35,81
1987,36,95
1987,37,90
1987,38,93
1987,39,105
1987,40,107
1987,41,85
1987,42,98
1987,43,97
1987,44,89
1987,45,88
1987,46,97
1987,47,95
1987,48,89
1987,49,86
1987,50,101
1987,51,73
1987,52,69
1987,53,70
1987,54,83
1987,55,71
1987,56,87
1987,57,80
1987,58,75
1987,59,105
1987,60,86
1987,61,86
1987,62,102
1987,63,102
1987,64,71
1987,65,87
1987,66,101
1987,67,72
1987,68,68
1987,69,62
1987,70,68
1987,71,72
1987,72,74
1987,73,52
1987,74,66
1987,75,72
1987,76,62
1987,77,45
1987,78,37
1987,79,36
1987,80,55
1987,81,43
1987,82,35
1987,83,31
1987,84,33
1987,85,20
1987,86,23
1987,87,14
1987,88,14
1987,89,11
1988,10,0
1988,11,0
1988,12,1
1988,13,1
1988,14,2
1988,15,24
1988,16,18
1988,17,50
1988,18,69
1988,19,73
1988,20,113
1988,21,103
1988,22,101
1988,23,116
1988,24,102
1988,25,96
1988,26,107
1988,27,104
1988,28,91
1988,29,88
1988,30,97
1988,31,109
1988,32,96
1988,33,102
1988,34,105
1988,35,103
1988,36,117
1988,37,107
1988,38,93
1988,39,126
1988,40,112
1988,41,111
1988,42,115
1988,43,96
1988,44,113
1988,45,90
1988,46,76
1988,47,73
1988,48,89
1988,49,81
1988,50,95
1988,51,83
1988,52,85
1988,53,85
1988,54,74
1988,55,77
1988,56,81
1988,57,84
1988,58,99
1988,59,75
1988,60,69
1988,61,67
1988,62,96
1988,63,79
1988,64,73
1988,65,75
1988,66,83
1988,67,99
1988,68,79
1988,69,58
1988,70,58
1988,71,62
1988,72,72
1988,73,72
1988,74,76
1988,75,66
1988,76,72
1988,77,69
1988,78,54
1988,79,73
1988,80,54
1988,81,58
1988,82,35
1988,83,53
1988,84,32
1988,85,28
1988,86,28
1988,87,20
1988,88,14
1988,89,10
1989,10,0
1989,11,0
1989,12,0
1989,13,0
1989,14,1
1989,15,8
1989,16,28
1989,17,37
1989,18,63
1989,19,76
1989,20,71
1989,21,102
1989,22,102
1989,23,97
1989,24,133
1989,25,117
1989,26,94
1989,27,99
1989,28,101
1989,29,106
1989,30,88
1989,31,109
1989,32,96
1989,33,99
1989,34,89
1989,35,98
1989,36,96
1989,37,90
1989,38,87
1989,39,96
1989,40,100
1989,41,97
1989,42,94
1989,43,95
1989,44,89
1989,45,97
1989,46,94
1989,47,81
1989,48,78
1989,49,58
1989,50,77
1989,51,87
1989,52,68
1989,53,88
1989,54,71
1989,55,83
1989,56,87
1989,57,73
1989,58,75
1989,59,71
1989,60,69
1989,61,56
1989,62,60
1989,63,68
1989,64,64
1989,65,85
1989,66,61
1989,67,53
1989,68,64
1989,69,70
1989,70,41
1989,71,44
1989,72,57
1989,73,48
1989,74,46
1989,75,73
1989,76,53
1989,77,44
1989,78,63
1989,79,40
1989,80,47
1989,81,44
1989,82,41
1989,83,26
1989,84,25
1989,85,28
1989,86,22
1989,87,16
1989,88,9
1989,89,16
1990,10,0
1990,11,0
1990,12,0
1990,13,0
1990,14,2
1990,15,13
1990,16,16
1990,17,32
1990,18,62
1990,19,70
1990,20,82
1990,21,102
1990,22,112
1990,23,140
1990,24,116
1990,25,128
1990,26,120
1990,27,123
1990,28,110
1990,29,118
1990,30,105
1990,31,92
1990,32,98
1990,33,84
1990,34,94
1990,35,110
1990,36,97
1990,37,109
1990,38,103
1990,39,90
1990,40,120
1990,41,100
1990,42,122
1990,43,127
1990,44,81
1990,45,99
1990,46,110
1990,47,88
1990,48,83
1990,49,80
1990,50,78
1990,51,89
1990,52,70
1990,53,82
1990,54,68
1990,55,76
1990,56,82
1990,57,58
1990,58,68
1990,59,59
1990,60,59
1990,61,67
1990,62,58
1990,63,67
1990,64,70
1990,65,66
1990,66,66
1990,67,60
1990,68,76
1990,69,72
1990,70,64
1990,71,36
1990,72,46
1990,73,55
1990,74,55
1990,75,54
1990,76,49
1990,77,52
1990,78,47
1990,79,41
1990,80,43
1990,81,37
1990,82,34
1990,83,30
1990,84,31
1990,85,29
1990,86,32
1990,87,15
1990,88,10
1990,89,13
1991,10,0
1991,11,0
1991,12,2
1991,13,0
1991,14,1
1991,15,13
1991,16,19
1991,17,40
1991,18,52
1991,19,76
1991,20,66
1991,21,93
1991,22,93
1991,23,134
1991,24,124
1991,25,124
1991,26,122
1991,27,110
1991,28,106
1991,29,111
1991,30,111
1991,31,124
1991,32,110
1991,33,98
1991,34,113
1991,35,111
1991,36,113
1991,37,93
1991,38,110
1991,39,99
1991,40,122
1991,41,104
1991,42,123
1991,43,107
1991,44,108
1991,45,120
1991,46,107
1991,47,114
1991,48,79
1991,49,88
1991,50,89
1991,51,75
1991,52,93
1991,53,66
1991,54,70
1991,55,77
1991,56,59
1991,57,65
1991,58,66
1991,59,66
1991,60,61
1991,61,66
1991,62,49
1991,63,64
1991,64,51
1991,65,53
1991,66,52
1991,67,65
1991,68,62
1991,69,48
1991,70,57
1991,71,51
1991,72,33
1991,73,36
1991,74,43
1991,75,50
1991,76,45
1991,77,49
1991,78,39
1991,79,35
1991,80,53
1991,81,33
1991,82,35
1991,83,30
1991,84,26
1991,85,28
1991,86,26
1991,87,14
1991,88,14
1991,89,11
1992,10,0
1992,11,0
1992,12,0
1992,13,0
1992,14,1
1992,15,9
1992,16,13
1992,17,24
1992,18,47
1992,19,71
1992,20,82
1992,21,95
1992,22,102
1992,23,119
1992,24,131
1992,25,102
1992,26,119
1992,27,120
1992,28,137
1992,29,107
1992,30,103
1992,31,113
1992,32,103
1992,33,113
1992,34,100
1992,35,108
1992,36,91
1992,37,100
1992,38,113
1992,39,95
1992,40,99
1992,41,113
1992,42,111
1992,43,101
1992,44,113
1992,45,92
1992,46,126
1992,47,118
1992,48,98
1992,49,101
1992,50,72
1992,51,71
1992,52,100
1992,53,83
1992,54,59
1992,55,68
1992,56,70
1992,57,73
1992,58,70
1992,59,59
1992,60,69
1992,61,52
1992,62,50
1992,63,63
1992,64,82
1992,65,55
1992,66,62
1992,67,48
1992,68,56
1992,69,59
1992,70,67
1992,71,61
1992,72,56
1992,73,54
1992,74,42
1992,75,40
1992,76,41
1992,77,43
1992,78,41
1992,79,32
1992,80,41
1992,81,33
1992,82,28
1992,83,32
1992,84,29
1992,85,21
1992,86,15
1992,87,12
1992,88,13
1992,89,11
1993,10,0
1993,11,1
1993,12,0
1993,13,1
1993,14,2
1993,15,8
1993,16,17
1993,17,30
1993,18,47
1993,19,47
1993,20,112
1993,21,109
1993,22,115
1993,23,89
1993,24,106
1993,25,113
1993,26,111
1993,27,110
1993,28,113
1993,29,111
1993,30,106
1993,31,103
1993,32,89
1993,33,107
1993,34,96
1993,35,98
1993,36,97
1993,37,82
1993,38,111
1993,39,85
1993,40,105
1993,41,98
1993,42,109
1993,43,98
1993,44,98
1993,45,113
1993,46,112
1993,47,94
1993,48,87
1993,49,102
1993,50,81
1993,51,79
1993,52,71
1993,53,82
1993,54,58
1993,55,78
1993,56,72
1993,57,61
1993,58,75
1993,59,50
1993,60,47
1993,61,50
1993,62,56
1993,63,56
1993,64,44
1993,65,44
1993,66,48
1993,67,60
1993,68,61
1993,69,60
1993,70,39
1993,71,46
1993,72,46
1993,73,41
1993,74,44
1993,75,39
1993,76,44
1993,77,36
1993,78,26
1993,79,49
1993,80,35
1993,81,34
1993,82,35
1993,83,31
1993,84,28
1993,85,27
1993,86,21
1993,87,19
1993,88,17
1993,89,14
1994,10,0
1994,11,0
1994,12,1
1994,13,3
1994,14,5
1994,15,8
1994,16,20
1994,17,33
1994,18,31
1994,19,49
1994,20,63
1994,21,95
1994,22,109
1994,23,101
1994,24,116
1994,25,110
1994,26,134
1994,27,112
1994,28,116
1994,29,122
1994,30,124
1994,31,128
1994,32,101
1994,33,130
1994,34,110
1994,35,92
1994,36,89
1994,37,95
1994,38,90
1994,39,90
1994,40,81
1994,41,102
1994,42,79
1994,43,89
1994,44,93
1994,45,81
1994,46,97
1994,47,80
1994,48,80
1994,49,83
1994,50,82
1994,51,77
1994,52,67
1994,53,81
1994,54,72
1994,55,57
1994,56,62
1994,57,63
1994,58,54
1994,59,51
1994,60,49
1994,61,68
1994,62,52
1994,63,48
1994,64,56
1994,65,44
1994,66,53
1994,67,61
1994,68,47
1994,69,42
1994,70,54
1994,71,48
1994,72,39
1994,73,48
1994,74,53
1994,75,28
1994,76,40
1994,77,39
1994,78,31
1994,79,43
1994,80,51
1994,81,36
1994,82,30
1994,83,37
1994,84,24
1994,85,34
1994,86,24
1994,87,23
1994,88,12
1994,89,19
1995,10,0
1995,11,0
1995,12,0
1995,13,1
1995,14,4
1995,15,7
1995,16,15
1995,17,21
1995,18,40
1995,19,62
1995,20,76
1995,21,93
1995,22,83
1995,23,102
1995,24,99
1995,25,100
1995,26,112
1995,27,143
1995,28,113
1995,29,125
1995,30,119
1995,31,102
1995,32,131
1995,33,123
1995,34,101
1995,35,112
1995,36,93
1995,37,102
1995,38,100
1995,39,105
1995,40,115
1995,41,122
1995,42,101
1995,43,109
1995,44,107
1995,45,107
1995,46,75
1995,47,99
1995,48,77
1995,49,89
1995,50,84
1995,51,86
1995,52,74
1995,53,83
1995,54,62
1995,55,62
1995,56,86
1995,57,64
1995,58,49
1995,59,51
1995,60,59
1995,61,57
1995,62,42
1995,63,55
1995,64,42
1995,65,49
1995,66,35
1995,67,47
1995,68,43
1995,69,43
1995,70,36
1995,71,43
1995,72,44
1995,73,48
1995,74,31
1995,75,35
1995,76,28
1995,77,30
1995,78,48
1995,79,38
1995,80,42
1995,81,30
1995,82,30
1995,83,30
1995,84,25
1995,85,22
1995,86,20
1995,87,16
1995,88,20
1995,89,14
1996,10,0
1996,11,0
1996,12,0
1996,13,2
1996,14,1
1996,15,13
1996,16,21
1996,17,23
1996,18,63
1996,19,49
1996,20,51
1996,21,76
1996,22,78
1996,23,93
1996,24,92
1996,25,100
1996,26,115
1996,27,106
1996,28,128
1996,29,103
1996,30,122
1996,31,130
1996,32,150
1996,33,110
1996,34,121
1996,35,89
1996,36,97
1996,37,97
1996,38,102
1996,39,92
1996,40,108
1996,41,100
1996,42,94
1996,43,95
1996,44,83
1996,45,103
1996,46,92
1996,47,84
1996,48,95
1996,49,103
1996,50,79
1996,51,75
1996,52,73
1996,53,55
1996,54,61
1996,55,60
1996,56,63
1996,57,69
1996,58,60
1996,59,45
1996,60,43
1996,61,44
1996,62,39
1996,63,38
1996,64,46
1996,65,48
1996,66,32
1996,67,43
1996,68,39
1996,69,37
1996,70,43
1996,71,42
1996,72,50
1996,73,44
1996,74,48
1996,75,48
1996,76,33
1996,77,30
1996,78,23
1996,79,35
1996,80,42
1996,81,24
1996,82,27
1996,83,37
1996,84,25
1996,85,16
1996,86,22
1996,87,25
1996,88,21
1996,89,8
1997,10,0
1997,11,0
1997,12,0
1997,13,0
1997,14,2
1997,15,10
1997,16,28
1997,17,26
1997,18,48
1997,19,58
1997,20,73
1997,21,89
1997,22,80
1997,23,75
1997,24,103
1997,25,114
1997,26,105
1997,27,107
1997,28,108
1997,29,108
1997,30,109
1997,31,119
1997,32,111
1997,33,126
1997,34,104
1997,35,110
1997,36,91
1997,37,106
1997,38,94
1997,39,105
1997,40,87
1997,41,89
1997,42,84
1997,43,91
1997,44,85
1997,45,91
1997,46,88
1997,47,96
1997,48,99
1997,49,108
1997,50,95
1997,51,73
1997,52,70
1997,53,77
1997,54,60
1997,55,45
1997,56,59
1997,57,70
1997,58,61
1997,59,52
1997,60,46
1997,61,62
1997,62,35
1997,63,41
1997,64,46
1997,65,36
1997,66,52
1997,67,41
1997,68,29
1997,69,36
1997,70,31
1997,71,39
1997,72,40
1997,73,38
1997,74,47
1997,75,40
1997,76,39
1997,77,28
1997,78,28
1997,79,25
1997,80,25
1997,81,30
1997,82,24
1997,83,27
1997,84,20
1997,85,21
1997,86,21
1997,87,18
1997,88,16
1997,89,13
1998,10,0
1998,11,0
1998,12,0
1998,13,2
1998,14,5
1998,15,8
1998,16,24
1998,17,44
1998,18,46
1998,19,72
1998,20,69
1998,21,80
1998,22,91
1998,23,107
1998,24,110
1998,25,97
1998,26,148
1998,27,119
1998,28,130
1998,29,138
1998,30,150
1998,31,147
1998,32,140
1998,33,154
1998,34,128
1998,35,134
1998,36,107
1998,37,100
1998,38,107
1998,39,106
1998,40,112
1998,41,101
1998,42,78
1998,43,97
1998,44,106
1998,45,97
1998,46,103
1998,47,104
1998,48,84
1998,49,96
1998,50,106
1998,51,84
1998,52,83
1998,53,74
1998,54,88
1998,55,79
1998,56,59
1998,57,55
1998,58,65
1998,59,56
1998,60,60
1998,61,53
1998,62,35
1998,63,51
1998,64,41
1998,65,49
1998,66,40
1998,67,45
1998,68,49
1998,69,49
1998,70,32
1998,71,23
1998,72,40
1998,73,37
1998,74,30
1998,75,37
1998,76,41
1998,77,46
1998,78,40
1998,79,20
1998,80,20
1998,81,20
1998,82,27
1998,83,31
1998,84,19
1998,85,15
1998,86,20
1998,87,13
1998,88,13
1998,89,14
1999,10,0
1999,11,0
1999,12,0
1999,13,1
1999,14,1
1999,15,6
1999,16,18
1999,17,42
1999,18,53
1999,19,55
1999,20,47
1999,21,68
1999,22,78
1999,23,93
1999,24,90
1999,25,91
1999,26,93
1999,27,129
1999,28,131
1999,29,120
1999,30,128
1999,31,110
1999,32,134
1999,33,137
1999,34,132
1999,35,153
1999,36,120
1999,37,121
1999,38,116
1999,39,97
1999,40,104
1999,41,106
1999,42,92
1999,43,110
1999,44,96
1999,45,104
1999,46,87
1999,47,101
1999,48,76
1999,49,95
1999,50,99
1999,51,81
1999,52,104
1999,53,73
1999,54,80
1999,55,76
1999,56,81
1999,57,57
1999,58,48
1999,59,56
1999,60,58
1999,61,48
1999,62,39
1999,63,54
1999,64,56
1999,65,45
1999,66,42
1999,67,51
1999,68,39
1999,69,46
1999,70,40
1999,71,42
1999,72,36
1999,73,43
1999,74,45
1999,75,42
1999,76,35
1999,77,38
1999,78,43
1999,79,44
1999,80,23
1999,81,22
1999,82,26
1999,83,33
1999,84,20
1999,85,23
1999,86,26
1999,87,30
1999,88,14
1999,89,8
2000,10,0
2000,11,0
2000,12,0
2000,13,0
2000,14,1
2000,15,17
2000,16,16
2000,17,24
2000,18,58
2000,19,54
2000,20,72
2000,21,69
2000,22,79
2000,23,89
2000,24,77
2000,25,86
2000,26,81
2000,27,119
2000,28,127
2000,29,124
2000,30,104
2000,31,122
2000,32,117
2000,33,136
2000,34,108
2000,35,115
2000,36,138
2000,37,124
2000,38,126
2000,39,110
2000,40,102
2000,41,104
2000,42,95
2000,43,94
2000,44,83
2000,45,100
2000,46,100
2000,47,100
2000,48,87
2000,49,94
2000,50,104
2000,51,83
2000,52,75
2000,53,93
2000,54,75
2000,55,62
2000,56,80
2000,57,74
2000,58,62
2000,59,61
2000,60,51
2000,61,38
2000,62,44
2000,63,39
2000,64,47
2000,65,44
2000,66,41
2000,67,49
2000,68,38
2000,69,33
2000,70,46
2000,71,34
2000,72,33
2000,73,46
2000,74,42
2000,75,35
2000,76,32
2000,77,31
2000,78,46
2000,79,31
2000,80,21
2000,81,24
2000,82,20
2000,83,24
2000,84,23
2000,85,24
2000,86,31
2000,87,21
2000,88,15
2000,89,12
2001,10,0
2001,11,0
2001,12,0
2001,13,2
2001,14,3
2001,15,4
2001,16,14
2001,17,47
2001,18,49
2001,19,66
2001,20,62
2001,21,70
2001,22,58
2001,23,61
2001,24,75
2001,25,83
2001,26,84
2001,27,87
2001,28,80
2001,29,115
2001,30,92
2001,31,118
2001,32,115
2001,33,120
2001,34,137
2001,35,124
2001,36,112
2001,37,105
2001,38,110
2001,39,118
2001,40,109
2001,41,103
2001,42,86
2001,43,95
2001,44,85
2001,45,94
2001,46,82
2001,47,91
2001,48,100
2001,49,96
2001,50,94
2001,51,95
2001,52,66
2001,53,94
2001,54,105
2001,55,88
2001,56,75
2001,57,79
2001,58,55
2001,59,57
2001,60,43
2001,61,56
2001,62,44
2001,63,47
2001,64,50
2001,65,34
2001,66,36
2001,67,40
2001,68,40
2001,69,35
2001,70,30
2001,71,44
2001,72,44
2001,73,43
2001,74,30
2001,75,37
2001,76,40
2001,77,39
2001,78,34
2001,79,28
2001,80,25
2001,81,24
2001,82,24
2001,83,20
2001,84,20
2001,85,25
2001,86,22
2001,87,20
2001,88,13
2001,89,7
2002,10,0
2002,11,0
2002,12,0
2002,13,2
2002,14,5
2002,15,12
2002,16,19
2002,17,30
2002,18,38
2002,19,53
2002,20,56
2002,21,56
2002,22,67
2002,23,76
2002,24,68
2002,25,79
2002,26,83
2002,27,81
2002,28,104
2002,29,112
2002,30,110
2002,31,100
2002,32,112
2002,33,118
2002,34,110
2002,35,117
2002,36,121
2002,37,143
2002,38,107
2002,39,106
2002,40,100
2002,41,111
2002,42,92
2002,43,120
2002,44,87
2002,45,94
2002,46,92
2002,47,87
2002,48,82
2002,49,89
2002,50,105
2002,51,76
2002,52,67
2002,53,83
2002,54,77
2002,55,80
2002,56,67
2002,57,69
2002,58,77
2002,59,59
2002,60,53
2002,61,40
2002,62,48
2002,63,43
2002,64,27
2002,65,41
2002,66,39
2002,67,42
2002,68,34
2002,69,44
2002,70,32
2002,71,41
2002,72,31
2002,73,33
2002,74,27
2002,75,20
2002,76,26
2002,77,32
2002,78,24
2002,79,34
2002,80,38
2002,81,32
2002,82,21
2002,83,10
2002,84,17
2002,85,25
2002,86,19
2002,87,17
2002,88,16
2002,89,12
2003,10,0
2003,11,0
2003,12,0
2003,13,1
2003,14,1
2003,15,8
2003,16,20
2003,17,31
2003,18,39
2003,19,44
2003,20,67
2003,21,57
2003,22,76
2003,23,90
2003,24,60
2003,25,73
2003,26,70
2003,27,73
2003,28,82
2003,29,99
2003,30,100
2003,31,106
2003,32,110
2003,33,110
2003,34,131
2003,35,109
2003,36,119
2003,37,111
2003,38,123
2003,39,128
2003,40,115
2003,41,107
2003,42,100
2003,43,118
2003,44,111
2003,45,93
2003,46,109
2003,47,77
2003,48,86
2003,49,80
2003,50,87
2003,51,69
2003,52,86
2003,53,69
2003,54,91
2003,55,93
2003,56,67
2003,57,57
2003,58,82
2003,59,61
2003,60,41
2003,61,47
2003,62,51
2003,63,52
2003,64,47
2003,65,33
2003,66,35
2003,67,35
2003,68,40
2003,69,26
2003,70,34
2003,71,35
2003,72,37
2003,73,39
2003,74,33
2003,75,41
2003,76,36
2003,77,27
2003,78,33
2003,79,38
2003,80,16
2003,81,37
2003,82,31
2003,83,24
2003,84,19
2003,85,10
2003,86,13
2003,87,13
2003,88,20
2003,89,8
2004,10,0
2004,11,0
2004,12,0
2004,13,2
2004,14,1
2004,15,9
2004,16,17
2004,17,29
2004,18,46
2004,19,59
2004,20,48
2004,21,61
2004,22,68
2004,23,67
2004,24,72
2004,25,77
2004,26,79
2004,27,75
2004,28,71
2004,29,92
2004,30,96
2004,31,84
2004,32,122
2004,33,100
2004,34,100
2004,35,100
2004,36,119
2004,37,124
2004,38,121
2004,39,132
2004,40,108
2004,41,103
2004,42,124
2004,43,105
2004,44,115
2004,45,94
2004,46,98
2004,47,102
2004,48,89
2004,49,78
2004,50,90
2004,51,88
2004,52,85
2004,53,85
2004,54,80
2004,55,78
2004,56,84
2004,57,90
2004,58,60
2004,59,62
2004,60,49
2004,61,63
2004,62,41
2004,63,32
2004,64,49
2004,65,43
2004,66,50
2004,67,43
2004,68,38
2004,69,52
2004,70,35
2004,71,35
2004,72,40
2004,73,27
2004,74,33
2004,75,30
2004,76,26
2004,77,45
2004,78,29
2004,79,35
2004,80,22
2004,81,34
2004,82,31
2004,83,37
2004,84,26
2004,85,19
2004,86,12
2004,87,22
2004,88,15
2004,89,14
2005,10,0
2005,11,0
2005,12,0
2005,13,2
2005,14,1
2005,15,7
2005,16,22
2005,17,24
2005,18,44
2005,19,48
2005,20,52
2005,21,55
2005,22,59
2005,23,73
2005,24,61
2005,25,61
2005,26,81
2005,27,65
2005,28,63
2005,29,72
2005,30,98
2005,31,85
2005,32,97
2005,33,100
2005,34,108
2005,35,114
2005,36,111
2005,37,120
2005,38,112
2005,39,119
2005,40,101
2005,41,112
2005,42,108
2005,43,122
2005,44,112
2005,45,99
2005,46,102
2005,47,88
2005,48,109
2005,49,112
2005,50,100
2005,51,73
2005,52,99
2005,53,87
2005,54,61
2005,55,81
2005,56,65
2005,57,91
2005,58,79
2005,59,60
2005,60,58
2005,61,66
2005,62,44
2005,63,46
2005,64,43
2005,65,41
2005,66,38
2005,67,40
2005,68,32
2005,69,35
2005,70,24
2005,71,39
2005,72,35
2005,73,32
2005,74,22
2005,75,33
2005,76,27
2005,77,20
2005,78,22
2005,79,20
2005,80,37
2005,81,26
2005,82,21
2005,83,23
2005,84,31
2005,85,21
2005,86,24
2005,87,16
2005,88,12
2005,89,11
2006,10,0
2006,11,0
2006,12,0
2006,13,3
2006,14,0
2006,15,8
2006,16,14
2006,17,32
2006,18,30
2006,19,37
2006,20,49
2006,21,56
2006,22,64
2006,23,55
2006,24,54
2006,25,73
2006,26,63
2006,27,73
2006,28,64
2006,29,61
2006,30,64
2006,31,92
2006,32,82
2006,33,83
2006,34,93
2006,35,96
2006,36,108
2006,37,105
2006,38,120
2006,39,115
2006,40,104
2006,41,109
2006,42,113
2006,43,109
2006,44,87
2006,45,122
2006,46,95
2006,47,99
2006,48,84
2006,49,81
2006,50,79
2006,51,70
2006,52,81
2006,53,98
2006,54,84
2006,55,88
2006,56,83
2006,57,88
2006,58,83
2006,59,72
2006,60,56
2006,61,55
2006,62,55
2006,63,61
2006,64,51
2006,65,37
2006,66,44
2006,67,31
2006,68,47
2006,69,33
2006,70,31
2006,71,35
2006,72,31
2006,73,23
2006,74,28
2006,75,29
2006,76,38
2006,77,32
2006,78,20
2006,79,19
2006,80,23
2006,81,19
2006,82,23
2006,83,26
2006,84,27
2006,85,29
2006,86,15
2006,87,11
2006,88,9
2006,89,8
2007,10,0
2007,11,0
2007,12,0
2007,13,3
2007,14,4
2007,15,12
2007,16,20
2007,17,22
2007,18,33
2007,19,41
2007,20,48
2007,21,54
2007,22,57
2007,23,49
2007,24,59
2007,25,56
2007,26,72
2007,27,58
2007,28,74
2007,29,64
2007,30,77
2007,31,84
2007,32,87
2007,33,100
2007,34,85
2007,35,86
2007,36,113
2007,37,103
2007,38,106
2007,39,114
2007,40,112
2007,41,104
2007,42,107
2007,43,90
2007,44,111
2007,45,80
2007,46,90
2007,47,101
2007,48,85
2007,49,79
2007,50,76
2007,51,81
2007,52,74
2007,53,79
2007,54,72
2007,55,61
2007,56,79
2007,57,68
2007,58,75
2007,59,68
2007,60,53
2007,61,49
2007,62,65
2007,63,62
2007,64,46
2007,65,36
2007,66,29
2007,67,32
2007,68,43
2007,69,39
2007,70,21
2007,71,24
2007,72,28
2007,73,27
2007,74,27
2007,75,24
2007,76,32
2007,77,22
2007,78,26
2007,79,27
2007,80,27
2007,81,25
2007,82,33
2007,83,25
2007,84,17
2007,85,19
2007,86,21
2007,87,14
2007,88,10
2007,89,10
2008,10,1
2008,11,0
2008,12,2
2008,13,3
2008,14,2
2008,15,9
2008,16,14
2008,17,29
2008,18,34
2008,19,44
2008,20,62
2008,21,58
2008,22,59
2008,23,63
2008,24,80
2008,25,72
2008,26,74
2008,27,75
2008,28,71
2008,29,82
2008,30,75
2008,31,77
2008,32,87
2008,33,86
2008,34,86
2008,35,97
2008,36,106
2008,37,97
2008,38,106
2008,39,114
2008,40,104
2008,41,123
2008,42,117
2008,43,133
2008,44,112
2008,45,103
2008,46,96
2008,47,109
2008,48,88
2008,49,89
2008,50,102
2008,51,101
2008,52,64
2008,53,72
2008,54,90
2008,55,90
2008,56,62
2008,57,71
2008,58,69
2008,59,73
2008,60,70
2008,61,62
2008,62,44
2008,63,53
2008,64,51
2008,65,43
2008,66,38
2008,67,24
2008,68,41
2008,69,34
2008,70,32
2008,71,33
2008,72,32
2008,73,31
2008,74,30
2008,75,33
2008,76,24
2008,77,20
2008,78,23
2008,79,22
2008,80,25
2008,81,27
2008,82,25
2008,83,21
2008,84,26
2008,85,12
2008,86,27
2008,87,12
2008,88,7
2008,89,7
2009,10,0
2009,11,0
2009,12,0
2009,13,1
2009,14,1
2009,15,11
2009,16,16
2009,17,20
2009,18,37
2009,19,48
2009,20,51
2009,21,58
2009,22,52
2009,23,70
2009,24,69
2009,25,74
2009,26,82
2009,27,85
2009,28,97
2009,29,75
2009,30,83
2009,31,44
2009,32,62
2009,33,73
2009,34,92
2009,35,112
2009,36,87
2009,37,107
2009,38,114
2009,39,124
2009,40,125
2009,41,121
2009,42,112
2009,43,126
2009,44,108
2009,45,119
2009,46,117
2009,47,110
2009,48,102
2009,49,83
2009,50,96
2009,51,89
2009,52,85
2009,53,89
2009,54,79
2009,55,93
2009,56,80
2009,57,74
2009,58,73
2009,59,57
2009,60,65
2009,61,58
2009,62,65
2009,63,51
2009,64,50
2009,65,42
2009,66,39
2009,67,33
2009,68,31
2009,69,41
2009,70,27
2009,71,35
2009,72,30
2009,73,24
2009,74,32
2009,75,35
2009,76,23
2009,77,25
2009,78,31
2009,79,24
2009,80,29
2009,81,24
2009,82,24
2009,83,29
2009,84,16
2009,85,15
2009,86,15
2009,87,19
2009,88,12
2009,89,15
2010,10,0
2010,11,0
2010,12,0
2010,13,1
2010,14,1
2010,15,9
2010,16,12
2010,17,20
2010,18,33
2010,19,36
2010,20,49
2010,21,70
2010,22,56
2010,23,76
2010,24,69
2010,25,61
2010,26,55
2010,27,54
2010,28,63
2010,29,78
2010,30,71
2010,31,69
2010,32,78
2010,33,70
2010,34,81
2010,35,77
2010,36,86
2010,37,103
2010,38,108
2010,39,108
2010,40,106
2010,41,105
2010,42,105
2010,43,120
2010,44,113
2010,45,110
2010,46,107
2010,47,90
2010,48,104
2010,49,106
2010,50,97
2010,51,82
2010,52,109
2010,53,72
2010,54,89
2010,55,67
2010,56,89
2010,57,77
2010,58,77
2010,59,70
2010,60,76
2010,61,73
2010,62,60
2010,63,66
2010,64,53
2010,65,34
2010,66,44
2010,67,34
2010,68,42
2010,69,27
2010,70,25
2010,71,33
2010,72,30
2010,73,29
2010,74,38
2010,75,27
2010,76,20
2010,77,24
2010,78,29
2010,79,34
2010,80,16
2010,81,35
2010,82,23
2010,83,26
2010,84,22
2010,85,17
2010,86,12
2010,87,19
2010,88,9
2010,89,10
2011,10,0
2011,11,0
2011,12,2
2011,13,4
2011,14,3
2011,15,9
2011,16,15
2011,17,24
2011,18,43
2011,19,50
2011,20,56
2011,21,75
2011,22,79
2011,23,57
2011,24,59
2011,25,79
2011,26,60
2011,27,68
2011,28,74
2011,29,77
2011,30,81
2011,31,85
2011,32,69
2011,33,68
2011,34,77
2011,35,79
2011,36,77
2011,37,115
2011,38,115
2011,39,100
2011,40,109
2011,41,123
2011,42,131
2011,43,119
2011,44,147
2011,45,128
2011,46,121
2011,47,112
2011,48,107
2011,49,119
2011,50,104
2011,51,116
2011,52,118
2011,53,102
2011,54,104
2011,55,90
2011,56,88
2011,57,70
2011,58,71
2011,59,54
2011,60,63
2011,61,55
2011,62,62
2011,63,57
2011,64,72
2011,65,35
2011,66,49
2011,67,48
2011,68,36
2011,69,27
2011,70,42
2011,71,28
2011,72,29
2011,73,36
2011,74,37
2011,75,28
2011,76,27
2011,77,23
2011,78,22
2011,79,32
2011,80,30
2011,81,26
2011,82,24
2011,83,19
2011,84,22
2011,85,9
2011,86,12
2011,87,21
2011,88,21
2011,89,18
2012,10,0
2012,11,1
2012,12,1
2012,13,2
2012,14,2
2012,15,5
2012,16,16
2012,17,23
2012,18,44
2012,19,37
2012,20,68
2012,21,57
2012,22,59
2012,23,76
2012,24,65
2012,25,71
2012,26,64
2012,27,69
2012,28,90
2012,29,93
2012,30,84
2012,31,94
2012,32,76
2012,33,74
2012,34,83
2012,35,90
2012,36,77
2012,37,98
2012,38,94
2012,39,106
2012,40,135
2012,41,116
2012,42,107
2012,43,128
2012,44,119
2012,45,135
2012,46,137
2012,47,130
2012,48,126
2012,49,107
2012,50,113
2012,51,104
2012,52,98
2012,53,105
2012,54,109
2012,55,109
2012,56,73
2012,57,83
2012,58,72
2012,59,59
2012,60,63
2012,61,62
2012,62,56
2012,63,54
2012,64,51
2012,65,62
2012,66,46
2012,67,43
2012,68,35
2012,69,31
2012,70,29
2012,71,22
2012,72,30
2012,73,35
2012,74,30
2012,75,23
2012,76,30
2012,77,24
2012,78,22
2012,79,21
2012,80,30
2012,81,25
2012,82,18
2012,83,18
2012,84,20
2012,85,16
2012,86,25
2012,87,14
2012,88,18
2012,89,6
2013,10,0
2013,11,0
2013,12,0
2013,13,0
2013,14,5
2013,15,10
2013,16,20
2013,17,23
2013,18,33
2013,19,49
2013,20,58
2013,21,56
2013,22,53
2013,23,79
2013,24,73
2013,25,74
2013,26,61
2013,27,67
2013,28,64
2013,29,69
2013,30,87
2013,31,85
2013,32,85
2013,33,84
2013,34,74
2013,35,73
2013,36,102
2013,37,98
2013,38,86
2013,39,131
2013,40,106
2013,41,115
2013,42,116
2013,43,135
2013,44,141
2013,45,133
2013,46,127
2013,47,113
2013,48,130
2013,49,148
2013,50,125
2013,51,115
2013,52,109
2013,53,97
2013,54,122
2013,55,86
2013,56,97
2013,57,95
2013,58,86
2013,59,95
2013,60,66
2013,61,72
2013,62,66
2013,63,58
2013,64,70
2013,65,50
2013,66,56
2013,67,41
2013,68,38
2013,69,49
2013,70,38
2013,71,34
2013,72,27
2013,73,41
2013,74,32
2013,75,34
2013,76,30
2013,77,28
2013,78,22
2013,79,28
2013,80,22
2013,81,27
2013,82,18
2013,83,28
2013,84,30
2013,85,27
2013,86,15
2013,87,18
2013,88,19
2013,89,18
2014,10,0
2014,11,0
2014,12,0
2014,13,0
2014,14,7
2014,15,21
2014,16,23
2014,17,31
2014,18,27
2014,19,54
2014,20,55
2014,21,50
2014,22,70
2014,23,78
2014,24,67
2014,25,62
2014,26,80
2014,27,74
2014,28,90
2014,29,70
2014,30,84
2014,31,78
2014,32,80
2014,33,76
2014,34,96
2014,35,88
2014,36,77
2014,37,73
2014,38,95
2014,39,91
2014,40,119
2014,41,122
2014,42,111
2014,43,125
2014,44,120
2014,45,131
2014,46,118
2014,47,125
2014,48,127
2014,49,153
2014,50,150
2014,51,121
2014,52,111
2014,53,126
2014,54,114
2014,55,91
2014,56,91
2014,57,78
2014,58,78
2014,59,87
2014,60,72
2014,61,65
2014,62,59
2014,63,44
2014,64,66
2014,65,42
2014,66,71
2014,67,54
2014,68,35
2014,69,51
2014,70,46
2014,71,51
2014,72,41
2014,73,26
2014,74,30
2014,75,33
2014,76,35
2014,77,32
2014,78,27
2014,79,25
2014,80,30
2014,81,32
2014,82,21
2014,83,16
2014,84,26
2014,85,27
2014,86,21
2014,87,15
2014,88,19
2014,89,9
2015,10,0
2015,11,0
2015,12,1
2015,13,3
2015,14,5
2015,15,21
2015,16,19
2015,17,39
2015,18,46
2015,19,61
2015,20,55
2015,21,66
2015,22,66
2015,23,81
2015,24,71
2015,25,73
2015,26,78
2015,27,63
2015,28,80
2015,29,90
2015,30,82
2015,31,73
2015,32,109
2015,33,95
2015,34,82
2015,35,85
2015,36,92
2015,37,80
2015,38,82
2015,39,95
2015,40,92
2015,41,102
2015,42,108
2015,43,95
2015,44,133
2015,45,111
2015,46,119
2015,47,126
2015,48,128
2015,49,117
2015,50,129
2015,51,126
2015,52,99
2015,53,108
2015,54,115
2015,55,111
2015,56,102
2015,57,98
2015,58,88
2015,59,67
2015,60,85
2015,61,73
2015,62,59
2015,63,61
2015,64,61
2015,65,60
2015,66,50
2015,67,67
2015,68,52
2015,69,40
2015,70,41
2015,71,48
2015,72,36
2015,73,40
2015,74,27
2015,75,32
2015,76,33
2015,77,29
2015,78,27
2015,79,27
2015,80,33
2015,81,27
2015,82,23
2015,83,31
2015,84,20
2015,85,18
2015,86,29
2015,87,16
2015,88,13
2015,89,12
2016,10,0
2016,11,0
2016,12,0
2016,13,0
2016,14,2
2016,15,10
2016,16,26
2016,17,29
2016,18,49
2016,19,46
2016,20,53
2016,21,72
2016,22,76
2016,23,66
2016,24,91
2016,25,76
2016,26,82
2016,27,71
2016,28,77
2016,29,84
2016,30,97
2016,31,87
2016,32,87
2016,33,74
2016,34,85
2016,35,83
2016,36,85
2016,37,86
2016,38,75
2016,39,81
2016,40,100
2016,41,97
2016,42,80
2016,43,112
2016,44,138
2016,45,113
2016,46,115
2016,47,123
2016,48,109
2016,49,107
2016,50,114
2016,51,124
2016,52,135
2016,53,114
2016,54,91
2016,55,100
2016,56,104
2016,57,81
2016,58,83
2016,59,87
2016,60,62
2016,61,63
2016,62,70
2016,63,48
2016,64,42
2016,65,53
2016,66,49
2016,67,53
2016,68,53
2016,69,38
2016,70,38
2016,71,32
2016,72,36
2016,73,32
2016,74,26
2016,75,26
2016,76,22
2016,77,28
2016,78,19
2016,79,22
2016,80,21
2016,81,25
2016,82,26
2016,83,23
2016,84,23
2016,85,16
2016,86,19
2016,87,18
2016,88,11
2016,89,12
2017,10,0
2017,11,0
2017,12,0
2017,13,4
2017,14,6
2017,15,13
2017,16,26
2017,17,26
2017,18,44
2017,19,68
2017,20,52
2017,21,48
2017,22,65
2017,23,62
2017,24,63
2017,25,74
2017,26,74
2017,27,86
2017,28,75
2017,29,78
2017,30,78
2017,31,73
2017,32,91
2017,33,101
2017,34,76
2017,35,78
2017,36,97
2017,37,84
2017,38,79
2017,39,81
2017,40,74
2017,41,107
2017,42,92
2017,43,114
2017,44,91
2017,45,123
2017,46,115
2017,47,120
2017,48,114
2017,49,126
2017,50,94
2017,51,123
2017,52,108
2017,53,104
2017,54,108
2017,55,96
2017,56,80
2017,57,103
2017,58,83
2017,59,58
2017,60,69
2017,61,63
2017,62,54
2017,63,63
2017,64,47
2017,65,54
2017,66,55
2017,67,48
2017,68,48
2017,69,41
2017,70,45
2017,71,39
2017,72,34
2017,73,43
2017,74,24
2017,75,37
2017,76,30
2017,77,27
2017,78,33
2017,79,23
2017,80,21
2017,81,12
2017,82,25
2017,83,19
2017,84,15
2017,85,18
2017,86,23
2017,87,14
2017,88,17
2017,89,18
