SEASON,RANK,TEAM,G,W,L,DEF RTG,RTG vs. LEAGUE AVG
1996-97,1,Miami Heat,82,61,21,99.2,0.944948101
1996-97,2,New York Knicks,82,57,25,99.5,0.947805807
1996-97,3,Atlanta Hawks,82,56,26,100.3,0.955426357
1996-97,4,Chicago Bulls,82,69,13,100.7,0.959236631
1996-97,5,Cleveland Cavaliers,82,42,40,100.8,0.9601892
1996-97,6,Seattle SuperSonics,82,57,25,101,0.962094337
1996-97,7,Portland Trail Blazers,82,49,33,102.1,0.972572592
1996-97,8,Los Angeles Lakers,82,56,26,102.3,0.97447773
1996-97,9,Detroit Pistons,82,54,28,102.6,0.977335436
1996-97,10,Utah Jazz,82,64,18,102.6,0.977335436
1996-97,11,Houston Rockets,82,57,25,102.8,0.979240573
1996-97,12,Indiana Pacers,82,39,43,102.9,0.980193142
1996-97,13,Washington Bullets,82,44,38,103.7,0.987813691
1996-97,14,Orlando Magic,82,45,37,104.2,0.992576534
1996-97,15,Minnesota Timberwolves,82,40,42,105.5,1.004959926
1996-97,16,Dallas Mavericks,82,24,58,106,1.00972277
1996-97,17,Los Angeles Clippers,82,36,46,106.2,1.011627907
1996-97,18,Toronto Raptors,82,30,52,106.4,1.013533044
1996-97,19,Milwaukee Bucks,82,33,49,106.7,1.01639075
1996-97,20,Sacramento Kings,82,34,48,107,1.019248456
1996-97,21,Charlotte Hornets,82,54,28,107.1,1.020201025
1996-97,22,Phoenix Suns,82,40,42,107.1,1.020201025
1996-97,23,New Jersey Nets,82,26,56,107.2,1.021153593
1996-97,24,Philadelphia 76ers,82,22,60,109.5,1.043062672
1996-97,25,Denver Nuggets,82,21,61,109.7,1.04496781
1996-97,26,Vancouver Grizzlies,82,14,68,110.1,1.048778084
1996-97,27,Boston Celtics,82,15,67,110.1,1.048778084
1996-97,28,Golden State Warriors,82,30,52,110.3,1.050683222
1996-97,29,San Antonio Spurs,82,20,62,110.8,1.055446065
1996-97,,League Avg,,,,104.9793103,1
1997-98,1,Cleveland Cavaliers,82,47,35,97.5,0.943884364
1997-98,2,San Antonio Spurs,82,56,26,98,0.948724796
1997-98,3,Chicago Bulls,82,62,20,98.4,0.952597142
1997-98,4,New York Knicks,82,43,39,98.8,0.956469489
1997-98,5,Indiana Pacers,82,58,24,99.5,0.963246094
1997-98,6,Miami Heat,82,55,27,100.5,0.97292696
1997-98,7,Phoenix Suns,82,56,26,100.6,0.973895046
1997-98,8,Portland Trail Blazers,82,46,36,100.8,0.975831219
1997-98,9,Detroit Pistons,82,37,45,101.8,0.985512084
1997-98,10,Orlando Magic,82,41,41,102.2,0.98938443
1997-98,11,Los Angeles Lakers,82,61,21,102.3,0.990352517
1997-98,12,Seattle SuperSonics,82,61,21,102.3,0.990352517
1997-98,13,Atlanta Hawks,82,50,32,102.5,0.99228869
1997-98,14,Washington Wizards,82,42,40,103.2,0.999065296
1997-98,15,Charlotte Hornets,82,51,31,103.3,1.000033382
1997-98,16,Philadelphia 76ers,82,31,51,103.3,1.000033382
1997-98,17,Golden State Warriors,82,19,63,103.5,1.001969555
1997-98,18,Boston Celtics,82,36,46,103.5,1.001969555
1997-98,19,Milwaukee Bucks,82,36,46,103.7,1.003905728
1997-98,20,Utah Jazz,82,62,20,103.8,1.004873815
1997-98,21,New Jersey Nets,82,43,39,104.3,1.009714248
1997-98,22,Sacramento Kings,82,27,55,105,1.016490853
1997-98,23,Dallas Mavericks,82,20,62,105.2,1.018427026
1997-98,24,Minnesota Timberwolves,82,45,37,105.5,1.021331286
1997-98,25,Houston Rockets,82,41,41,106.8,1.033916411
1997-98,26,Toronto Raptors,82,16,66,108.9,1.054246228
1997-98,27,Los Angeles Clippers,82,17,65,109.6,1.061022833
1997-98,28,Vancouver Grizzlies,82,19,63,110.2,1.066831353
1997-98,29,Denver Nuggets,82,11,71,110.6,1.070703699
1997-98,,League Avg,,,,103.2965517,1
1998-99,1,San Antonio Spurs,50,37,13,93.6,0.932238898
1998-99,2,Atlanta Hawks,50,31,19,95.3,0.949170588
1998-99,3,Philadelphia 76ers,50,28,22,95.5,0.951162551
1998-99,4,New York Knicks,50,27,23,95.9,0.955146478
1998-99,5,Portland Trail Blazers,50,35,15,96.2,0.958134423
1998-99,6,Orlando Magic,50,33,17,96.3,0.959130405
1998-99,7,Utah Jazz,50,37,13,96.7,0.963114332
1998-99,8,Miami Heat,50,33,17,97.1,0.967098259
1998-99,9,Detroit Pistons,50,29,21,98.4,0.980046021
1998-99,10,Golden State Warriors,50,21,29,98.9,0.98502593
1998-99,11,Minnesota Timberwolves,50,25,25,99.4,0.990005839
1998-99,12,Cleveland Cavaliers,50,22,28,100.1,0.996977711
1998-99,13,Charlotte Hornets,50,26,24,100.4,0.999965656
1998-99,14,Boston Celtics,50,19,31,100.8,1.003949583
1998-99,15,Houston Rockets,50,31,19,101,1.005941546
1998-99,16,Milwaukee Bucks,50,28,22,101.2,1.00793351
1998-99,17,New Jersey Nets,50,16,34,101.2,1.00793351
1998-99,18,Sacramento Kings,50,27,23,101.6,1.011917437
1998-99,19,Phoenix Suns,50,27,23,101.6,1.011917437
1998-99,20,Chicago Bulls,50,13,37,101.7,1.012913418
1998-99,21,Toronto Raptors,50,23,27,101.8,1.0139094
1998-99,22,Washington Wizards,50,18,32,102.1,1.016897345
1998-99,23,Indiana Pacers,50,33,17,102.2,1.017893327
1998-99,24,Los Angeles Lakers,50,31,19,102.8,1.023869217
1998-99,25,Dallas Mavericks,50,19,31,103,1.025861181
1998-99,26,Seattle SuperSonics,50,25,25,104.2,1.037812962
1998-99,27,Vancouver Grizzlies,50,8,42,106.3,1.058728578
1998-99,28,Los Angeles Clippers,50,9,41,107.8,1.073668304
1998-99,29,Denver Nuggets,50,14,36,108.6,1.081636158
1998-99,,League Avg,,,,100.4034483,1
1999-00,1,Los Angeles Lakers,82,67,15,96.4,0.942072452
1999-00,2,San Antonio Spurs,82,53,29,97.1,0.948913227
1999-00,3,Phoenix Suns,82,53,29,97.3,0.950867734
1999-00,4,Philadelphia 76ers,82,49,33,98.3,0.96064027
1999-00,5,Miami Heat,82,52,30,99.4,0.971390059
1999-00,6,New York Knicks,82,50,32,99.5,0.972367313
1999-00,7,Portland Trail Blazers,82,59,23,99.5,0.972367313
1999-00,8,Charlotte Hornets,82,49,33,99.7,0.97432182
1999-00,9,Orlando Magic,82,41,41,100.3,0.980185341
1999-00,10,Sacramento Kings,82,44,38,100.7,0.984094356
1999-00,11,Utah Jazz,82,55,27,101.1,0.98800337
1999-00,12,Minnesota Timberwolves,82,50,32,101.7,0.993866891
1999-00,13,Indiana Pacers,82,56,26,101.7,0.993866891
1999-00,14,Cleveland Cavaliers,82,32,50,102.2,0.998753159
1999-00,15,Chicago Bulls,82,17,65,102.8,1.004616681
1999-00,16,Toronto Raptors,82,45,37,102.8,1.004616681
1999-00,17,Seattle SuperSonics,82,45,37,103.1,1.007548441
1999-00,18,Detroit Pistons,82,42,40,103.8,1.014389217
1999-00,19,New Jersey Nets,82,31,51,103.9,1.01536647
1999-00,20,Boston Celtics,82,35,47,103.9,1.01536647
1999-00,21,Houston Rockets,82,34,48,104.2,1.018298231
1999-00,22,Denver Nuggets,82,35,47,104.5,1.021229992
1999-00,23,Washington Wizards,82,29,53,105.2,1.028070767
1999-00,24,Dallas Mavericks,82,40,42,105.2,1.028070767
1999-00,25,Atlanta Hawks,82,28,54,105.8,1.033934288
1999-00,26,Milwaukee Bucks,82,42,40,106.2,1.037843302
1999-00,27,Golden State Warriors,82,19,63,106.5,1.040775063
1999-00,28,Vancouver Grizzlies,82,22,60,106.7,1.04272957
1999-00,29,Los Angeles Clippers,82,15,67,108,1.055433867
1999-00,,League Avg,,,,102.3275862,1
2000-01,1,San Antonio Spurs,82,58,24,96.6,0.951303993
2000-01,2,Phoenix Suns,82,51,31,96.7,0.95228878
2000-01,3,New York Knicks,82,48,34,97,0.95524314
2000-01,4,Miami Heat,82,50,32,97.1,0.956227927
2000-01,5,Philadelphia 76ers,82,56,26,97.3,0.958197501
2000-01,6,Charlotte Hornets,82,46,36,97.6,0.961151861
2000-01,7,Sacramento Kings,82,55,27,98.5,0.970014942
2000-01,8,Detroit Pistons,82,32,50,100.3,0.987741103
2000-01,9,Portland Trail Blazers,82,50,32,100.5,0.989710676
2000-01,10,Indiana Pacers,82,41,41,100.5,0.989710676
2000-01,11,Utah Jazz,82,53,29,100.9,0.993649823
2000-01,12,Orlando Magic,82,43,39,101.1,0.995619397
2000-01,13,Dallas Mavericks,82,53,29,101.2,0.996604184
2000-01,14,Toronto Raptors,82,47,35,102,1.004482478
2000-01,15,Boston Celtics,82,36,46,102.3,1.007436838
2000-01,16,Minnesota Timberwolves,82,47,35,102.4,1.008421625
2000-01,17,Atlanta Hawks,82,25,57,102.4,1.008421625
2000-01,18,Milwaukee Bucks,82,52,30,102.6,1.010391198
2000-01,19,Houston Rockets,82,45,37,102.8,1.012360772
2000-01,20,Los Angeles Clippers,82,31,51,103.2,1.016299919
2000-01,21,Cleveland Cavaliers,82,30,52,103.5,1.019254279
2000-01,22,Los Angeles Lakers,82,56,26,103.6,1.020239065
2000-01,23,New Jersey Nets,82,26,56,103.8,1.022208639
2000-01,24,Vancouver Grizzlies,82,23,59,104.2,1.026147786
2000-01,25,Seattle SuperSonics,82,44,38,104.2,1.026147786
2000-01,26,Denver Nuggets,82,40,42,104.9,1.033041293
2000-01,27,Golden State Warriors,82,17,65,105.5,1.038950014
2000-01,28,Chicago Bulls,82,15,67,105.9,1.042889161
2000-01,29,Washington Wizards,82,19,63,106.2,1.045843521
2000-01,,League Avg,,,,101.5448276,1
2001-02,1,New Jersey Nets,82,52,30,98.1,0.951407933
2001-02,2,San Antonio Spurs,82,58,24,98.5,0.955287272
2001-02,3,Philadelphia 76ers,82,43,39,98.7,0.957226941
2001-02,4,Miami Heat,82,36,46,99,0.960136446
2001-02,5,Sacramento Kings,82,61,21,99.7,0.966925289
2001-02,6,Boston Celtics,82,49,33,99.9,0.968864959
2001-02,7,Los Angeles Lakers,82,58,24,100.4,0.973714133
2001-02,8,Detroit Pistons,82,50,32,100.9,0.978563307
2001-02,9,Toronto Raptors,82,42,40,101.7,0.986321985
2001-02,10,Charlotte Hornets,82,44,38,101.8,0.98729182
2001-02,11,Indiana Pacers,82,42,40,102.4,0.993110829
2001-02,12,Phoenix Suns,82,36,46,102.6,0.995050498
2001-02,13,Portland Trail Blazers,82,49,33,102.6,0.995050498
2001-02,14,Utah Jazz,82,44,38,102.9,0.997960003
2001-02,15,Orlando Magic,82,44,38,104.1,1.00959802
2001-02,16,Seattle SuperSonics,82,45,37,104.1,1.00959802
2001-02,17,Minnesota Timberwolves,82,50,32,104.1,1.00959802
2001-02,18,Washington Wizards,82,37,45,104.5,1.013477359
2001-02,19,New York Knicks,82,30,52,104.6,1.014447194
2001-02,20,Memphis Grizzlies,82,23,59,104.7,1.015417029
2001-02,21,Los Angeles Clippers,82,39,43,104.7,1.015417029
2001-02,22,Atlanta Hawks,82,33,49,104.8,1.016386864
2001-02,23,Milwaukee Bucks,82,41,41,105.6,1.024145542
2001-02,24,Dallas Mavericks,82,57,25,106,1.028024881
2001-02,25,Chicago Bulls,82,21,61,106.2,1.029964551
2001-02,26,Denver Nuggets,82,27,55,106.6,1.03384389
2001-02,27,Houston Rockets,82,28,54,106.9,1.036753394
2001-02,28,Cleveland Cavaliers,82,29,53,107,1.037723229
2001-02,29,Golden State Warriors,82,21,61,107.1,1.038693064
2001-02,,League Avg,,,,103.1103448,1
2002-03,1,New Jersey Nets,82,49,33,96.6,0.945588335
2002-03,2,Sacramento Kings,82,59,23,97.8,0.957334774
2002-03,3,San Antonio Spurs,82,60,22,98.1,0.960271383
2002-03,4,Detroit Pistons,82,50,32,98.2,0.961250253
2002-03,5,Indiana Pacers,82,48,34,99.6,0.974954432
2002-03,6,New Orleans Hornets,82,47,35,100,0.978869912
2002-03,7,Denver Nuggets,82,17,65,100.1,0.979848781
2002-03,8,Boston Celtics,82,44,38,100.5,0.983764261
2002-03,9,Philadelphia 76ers,82,48,34,100.6,0.984743131
2002-03,10,Houston Rockets,82,43,39,100.9,0.987679741
2002-03,11,Dallas Mavericks,82,60,22,101,0.988658611
2002-03,12,Utah Jazz,82,47,35,101.1,0.989637481
2002-03,13,Miami Heat,82,25,57,101.2,0.990616351
2002-03,14,Phoenix Suns,82,44,38,101.3,0.99159522
2002-03,15,Portland Trail Blazers,82,50,32,101.5,0.99355296
2002-03,16,Minnesota Timberwolves,82,51,31,102.5,1.003341659
2002-03,17,Seattle SuperSonics,82,40,42,102.6,1.004320529
2002-03,18,Washington Wizards,82,37,45,102.6,1.004320529
2002-03,19,Los Angeles Lakers,82,50,32,103.4,1.012151489
2002-03,20,Orlando Magic,82,42,40,103.7,1.015088098
2002-03,21,Chicago Bulls,82,30,52,104.2,1.019982448
2002-03,22,Atlanta Hawks,82,35,47,104.2,1.019982448
2002-03,23,New York Knicks,82,37,45,104.6,1.023897927
2002-03,24,Los Angeles Clippers,82,27,55,105.1,1.028792277
2002-03,25,Cleveland Cavaliers,82,17,65,105.1,1.028792277
2002-03,26,Toronto Raptors,82,24,58,105.6,1.033686627
2002-03,27,Memphis Grizzlies,82,28,54,105.9,1.036623236
2002-03,28,Milwaukee Bucks,82,42,40,106.9,1.046411935
2002-03,29,Golden State Warriors,82,38,44,107.7,1.054242895
2002-03,,League Avg,,,,102.1586207,1
2003-04,1,San Antonio Spurs,82,57,25,93.1,0.918395809
2003-04,2,Detroit Pistons,82,54,28,93.9,0.926287503
2003-04,3,Indiana Pacers,82,61,21,96.2,0.948976121
2003-04,4,New Jersey Nets,82,47,35,96.4,0.950949044
2003-04,5,Houston Rockets,82,45,37,97.8,0.964759507
2003-04,6,Minnesota Timberwolves,82,58,24,98.5,0.971664739
2003-04,7,Toronto Raptors,82,33,49,98.8,0.974624124
2003-04,8,Los Angeles Lakers,82,56,26,100.1,0.987448126
2003-04,9,Miami Heat,82,42,40,100.3,0.989421049
2003-04,10,Philadelphia 76ers,82,33,49,100.4,0.990407511
2003-04,11,New Orleans Hornets,82,41,41,100.6,0.992380434
2003-04,12,Memphis Grizzlies,82,50,32,100.8,0.994353357
2003-04,13,Utah Jazz,82,42,40,101.3,0.999285666
2003-04,14,New York Knicks,82,39,43,101.3,0.999285666
2003-04,15,Denver Nuggets,82,43,39,101.4,1.000272127
2003-04,16,Chicago Bulls,82,23,59,102.1,1.007177359
2003-04,17,Boston Celtics,82,36,46,102.2,1.008163821
2003-04,18,Golden State Warriors,82,37,45,102.6,1.012109667
2003-04,19,Washington Wizards,82,25,57,102.9,1.015069052
2003-04,20,Cleveland Cavaliers,82,35,47,103.1,1.017041976
2003-04,21,Sacramento Kings,82,55,27,103.2,1.018028437
2003-04,22,Portland Trail Blazers,82,41,41,103.5,1.020987822
2003-04,23,Milwaukee Bucks,82,41,41,103.5,1.020987822
2003-04,24,Atlanta Hawks,82,28,54,103.9,1.024933669
2003-04,25,Phoenix Suns,82,29,53,104.2,1.027893054
2003-04,26,Dallas Mavericks,82,52,30,105.9,1.044662902
2003-04,27,Seattle SuperSonics,82,37,45,106.4,1.049595211
2003-04,28,Los Angeles Clippers,82,28,54,106.6,1.051568134
2003-04,29,Orlando Magic,82,21,61,108.8,1.07327029
2003-04,,League Avg,,,,101.3724138,1
2004-05,1,San Antonio Spurs,82,59,23,97.8,0.935795618
2004-05,2,Chicago Bulls,82,47,35,99.1,0.948234619
2004-05,3,Detroit Pistons,82,54,28,99.6,0.95301885
2004-05,4,Houston Rockets,82,51,31,100.1,0.957803081
2004-05,5,Memphis Grizzlies,82,45,37,101.5,0.971198928
2004-05,6,New Jersey Nets,82,42,40,101.6,0.972155775
2004-05,7,Miami Heat,82,59,23,102.2,0.977896852
2004-05,8,Philadelphia 76ers,82,43,39,102.5,0.980767391
2004-05,9,Dallas Mavericks,82,58,24,102.6,0.981724237
2004-05,10,Denver Nuggets,82,49,33,102.6,0.981724237
2004-05,11,Indiana Pacers,82,44,38,102.7,0.982681083
2004-05,12,Los Angeles Clippers,82,37,45,104.5,0.999904315
2004-05,13,Cleveland Cavaliers,82,42,40,104.7,1.001818008
2004-05,14,Minnesota Timberwolves,82,44,38,105,1.004688547
2004-05,15,Boston Celtics,82,45,37,105.1,1.005645393
2004-05,16,Golden State Warriors,82,34,48,105.5,1.009472778
2004-05,17,Orlando Magic,82,36,46,105.7,1.01138647
2004-05,18,Phoenix Suns,82,62,20,105.7,1.01138647
2004-05,19,Washington Wizards,82,45,37,105.9,1.013300163
2004-05,20,New Orleans Hornets,82,18,64,105.9,1.013300163
2004-05,21,Charlotte Bobcats,82,18,64,106,1.014257009
2004-05,22,Portland Trail Blazers,82,27,55,106.1,1.015213855
2004-05,23,Sacramento Kings,82,50,32,106.5,1.01904124
2004-05,24,Toronto Raptors,82,33,49,107.2,1.025739164
2004-05,25,New York Knicks,82,33,49,107.2,1.025739164
2004-05,26,Utah Jazz,82,26,56,107.3,1.02669601
2004-05,27,Seattle SuperSonics,82,52,30,108,1.033393934
2004-05,28,Milwaukee Bucks,82,30,52,108.1,1.03435078
2004-05,29,Atlanta Hawks,82,13,69,109,1.042962396
2004-05,30,Los Angeles Lakers,82,34,48,109.6,1.048703473
2004-05,,League Avg,,,,104.51,1
2005-06,1,San Antonio Spurs,82,63,19,98.7,0.941374706
2005-06,2,Memphis Grizzlies,82,49,33,100.4,0.95758886
2005-06,3,New Jersey Nets,82,49,33,100.9,0.962357729
2005-06,4,Indiana Pacers,82,41,41,101,0.963311503
2005-06,5,Detroit Pistons,82,64,18,101.7,0.969987919
2005-06,6,Houston Rockets,82,34,48,102.1,0.973803014
2005-06,7,Los Angeles Clippers,82,47,35,102.2,0.974756788
2005-06,8,Chicago Bulls,82,41,41,102.7,0.979525657
2005-06,9,Dallas Mavericks,82,60,22,103.2,0.984294525
2005-06,10,Miami Heat,82,52,30,103.4,0.986202073
2005-06,11,Sacramento Kings,82,44,38,103.5,0.987155847
2005-06,12,Minnesota Timberwolves,82,33,49,103.5,0.987155847
2005-06,13,Denver Nuggets,82,44,38,104.1,0.992878489
2005-06,14,Los Angeles Lakers,82,45,37,104.2,0.993832263
2005-06,15,Cleveland Cavaliers,82,50,32,104.4,0.995739811
2005-06,16,Phoenix Suns,82,54,28,104.7,0.998601132
2005-06,17,Golden State Warriors,82,34,48,104.9,1.000508679
2005-06,18,New Orleans/Oklahoma City Hornets,82,38,44,105.1,1.002416227
2005-06,19,Utah Jazz,82,41,41,105.1,1.002416227
2005-06,20,Boston Celtics,82,33,49,105.6,1.007185096
2005-06,21,Charlotte Bobcats,82,26,56,105.6,1.007185096
2005-06,22,Washington Wizards,82,42,40,105.8,1.009092643
2005-06,23,Milwaukee Bucks,82,40,42,105.9,1.010046417
2005-06,24,Philadelphia 76ers,82,38,44,106.5,1.01576906
2005-06,25,Orlando Magic,82,36,46,106.6,1.016722833
2005-06,26,New York Knicks,82,23,59,109.3,1.042474725
2005-06,27,Atlanta Hawks,82,26,56,110.1,1.050104915
2005-06,28,Portland Trail Blazers,82,21,61,110.3,1.052012463
2005-06,29,Toronto Raptors,82,27,55,111.2,1.060596427
2005-06,30,Seattle SuperSonics,82,35,47,112.7,1.074903033
2005-06,,League Avg,,,,104.8466667,1
2006-07,1,Chicago Bulls,82,49,33,98.8,0.938598436
2006-07,2,San Antonio Spurs,82,58,24,99.4,0.944298426
2006-07,3,Houston Rockets,82,52,30,99.7,0.947148421
2006-07,4,Cleveland Cavaliers,82,50,32,100.6,0.955698407
2006-07,5,Dallas Mavericks,82,67,15,102.1,0.969948383
2006-07,6,Detroit Pistons,82,53,29,102.6,0.974698376
2006-07,7,Orlando Magic,82,40,42,103.3,0.981348364
2006-07,8,Los Angeles Clippers,82,40,42,104.2,0.98989835
2006-07,9,Indiana Pacers,82,35,47,104.4,0.991798347
2006-07,10,Toronto Raptors,82,47,35,104.4,0.991798347
2006-07,11,Miami Heat,82,44,38,104.6,0.993698344
2006-07,12,Denver Nuggets,82,45,37,105.1,0.998448336
2006-07,13,New Jersey Nets,82,41,41,105.1,0.998448336
2006-07,14,New Orleans/Oklahoma City Hornets,82,39,43,105.4,1.001298331
2006-07,15,Phoenix Suns,82,61,21,105.5,1.00224833
2006-07,16,Philadelphia 76ers,82,35,47,105.6,1.003198328
2006-07,17,Utah Jazz,82,51,31,105.6,1.003198328
2006-07,18,Boston Celtics,82,24,58,105.8,1.005098325
2006-07,19,Charlotte Bobcats,82,33,49,106.3,1.009848317
2006-07,20,Minnesota Timberwolves,82,32,50,106.5,1.011748314
2006-07,21,Golden State Warriors,82,42,40,106.5,1.011748314
2006-07,22,Sacramento Kings,82,33,49,106.7,1.013648311
2006-07,23,Atlanta Hawks,82,30,52,107,1.016498306
2006-07,24,New York Knicks,82,33,49,107.4,1.0202983
2006-07,25,Los Angeles Lakers,82,42,40,107.5,1.021248298
2006-07,26,Portland Trail Blazers,82,32,50,108.6,1.031698281
2006-07,27,Seattle SuperSonics,82,31,51,108.9,1.034548276
2006-07,28,Washington Wizards,82,41,41,109.1,1.036448273
2006-07,29,Milwaukee Bucks,82,28,54,110.3,1.047848254
2006-07,30,Memphis Grizzlies,82,22,60,110.9,1.053548244
2006-07,,League Avg,,,,105.2633333,1
2007-08,1,Boston Celtics,82,66,16,98.1,0.923815802
2007-08,2,Houston Rockets,82,55,27,100.5,0.9464168
2007-08,3,San Antonio Spurs,82,56,26,100.7,0.948300217
2007-08,4,Detroit Pistons,82,59,23,101.5,0.955833883
2007-08,5,Los Angeles Lakers,82,57,25,104.3,0.982201714
2007-08,6,New Orleans Hornets,82,56,26,104.4,0.983143422
2007-08,7,Philadelphia 76ers,82,40,42,104.7,0.985968547
2007-08,8,Dallas Mavericks,82,51,31,104.7,0.985968547
2007-08,9,Utah Jazz,82,54,28,104.9,0.987851963
2007-08,10,Orlando Magic,82,52,30,104.9,0.987851963
2007-08,11,Cleveland Cavaliers,82,45,37,105.4,0.992560505
2007-08,12,Denver Nuggets,82,50,32,105.5,0.993502213
2007-08,13,Toronto Raptors,82,41,41,105.6,0.994443921
2007-08,14,Chicago Bulls,82,33,49,106,0.998210754
2007-08,15,Indiana Pacers,82,36,46,106.3,1.001035879
2007-08,16,Portland Trail Blazers,82,41,41,106.8,1.00574442
2007-08,17,Phoenix Suns,82,55,27,107,1.007627837
2007-08,18,Atlanta Hawks,82,37,45,107.3,1.010452962
2007-08,19,Los Angeles Clippers,82,23,59,107.4,1.01139467
2007-08,20,New Jersey Nets,82,34,48,107.7,1.014219795
2007-08,21,Washington Wizards,82,43,39,107.9,1.016103211
2007-08,22,Charlotte Bobcats,82,32,50,108.2,1.018928336
2007-08,23,Seattle SuperSonics,82,20,62,108.3,1.019870044
2007-08,24,Golden State Warriors,82,48,34,108.5,1.021753461
2007-08,25,Sacramento Kings,82,38,44,108.6,1.022695169
2007-08,26,Miami Heat,82,15,67,108.8,1.024578586
2007-08,27,Minnesota Timberwolves,82,22,60,110,1.035879085
2007-08,28,Memphis Grizzlies,82,22,60,110.2,1.037762501
2007-08,29,New York Knicks,82,23,59,110.4,1.039645918
2007-08,30,Milwaukee Bucks,82,26,56,111.1,1.046237876
2007-08,,League Avg,,,,106.19,1
2008-09,1,Orlando Magic,82,59,23,101.3,0.947260146
2008-09,2,Cleveland Cavaliers,82,66,16,101.6,0.950065457
2008-09,3,Boston Celtics,82,62,20,101.6,0.950065457
2008-09,4,Houston Rockets,82,53,29,102.9,0.962221807
2008-09,5,San Antonio Spurs,82,54,28,103.4,0.966897326
2008-09,6,Los Angeles Lakers,82,65,17,103.5,0.967832429
2008-09,7,Charlotte Bobcats,82,35,47,105,0.981858986
2008-09,8,Denver Nuggets,82,54,28,105.6,0.987469609
2008-09,9,Utah Jazz,82,48,34,105.8,0.989339817
2008-09,10,New Orleans Hornets,82,49,33,105.8,0.989339817
2008-09,11,Portland Trail Blazers,82,54,28,106.1,0.992145128
2008-09,12,Philadelphia 76ers,82,41,41,106.1,0.992145128
2008-09,13,Milwaukee Bucks,82,34,48,106.3,0.994015336
2008-09,14,Detroit Pistons,82,39,43,106.4,0.994950439
2008-09,15,Miami Heat,82,43,39,106.5,0.995885543
2008-09,16,Atlanta Hawks,82,47,35,106.7,0.997755751
2008-09,17,Dallas Mavericks,82,50,32,107,1.000561062
2008-09,18,Chicago Bulls,82,41,41,107.5,1.005236581
2008-09,19,Oklahoma City Thunder,82,23,59,107.6,1.006171685
2008-09,20,Indiana Pacers,82,36,46,108.2,1.011782308
2008-09,21,Memphis Grizzlies,82,24,58,108.2,1.011782308
2008-09,22,Toronto Raptors,82,33,49,108.6,1.015522723
2008-09,23,New York Knicks,82,32,50,109.4,1.023003553
2008-09,24,New Jersey Nets,82,34,48,109.5,1.023938657
2008-09,25,Minnesota Timberwolves,82,24,58,109.9,1.027679072
2008-09,26,Los Angeles Clippers,82,19,63,110.1,1.02954928
2008-09,27,Phoenix Suns,82,46,36,110.4,1.032354591
2008-09,28,Golden State Warriors,82,29,53,111.7,1.044510941
2008-09,29,Washington Wizards,82,19,63,112.1,1.048251356
2008-09,30,Sacramento Kings,82,17,65,113.4,1.060407705
2008-09,,League Avg,,,,106.94,1
2009-10,1,Milwaukee Bucks,82,46,36,101.9,0.956328599
2009-10,2,Charlotte Bobcats,82,44,38,102,0.957267096
2009-10,3,Los Angeles Lakers,82,57,25,102.7,0.963836576
2009-10,4,Orlando Magic,82,59,23,102.8,0.964775074
2009-10,5,Boston Celtics,82,50,32,103.2,0.968529062
2009-10,6,Miami Heat,82,47,35,103.4,0.970406056
2009-10,7,Oklahoma City Thunder,82,50,32,103.5,0.971344554
2009-10,8,Cleveland Cavaliers,82,61,21,103.8,0.974160045
2009-10,9,San Antonio Spurs,82,50,32,103.9,0.975098542
2009-10,10,Utah Jazz,82,53,29,104,0.976037039
2009-10,11,Chicago Bulls,82,41,41,104.2,0.977914034
2009-10,12,Dallas Mavericks,82,55,27,105,0.985422011
2009-10,13,Indiana Pacers,82,32,50,106,0.994806982
2009-10,14,Atlanta Hawks,82,53,29,106,0.994806982
2009-10,15,Portland Trail Blazers,82,50,32,106.1,0.99574548
2009-10,16,Denver Nuggets,82,53,29,106.5,0.999499468
2009-10,17,Houston Rockets,82,42,40,106.8,1.00231496
2009-10,18,Washington Wizards,82,26,56,108.3,1.016392417
2009-10,19,New Orleans Hornets,82,37,45,108.9,1.0220234
2009-10,20,Philadelphia 76ers,82,27,55,108.9,1.0220234
2009-10,21,New Jersey Nets,82,12,70,108.9,1.0220234
2009-10,22,Memphis Grizzlies,82,40,42,109,1.022961897
2009-10,23,Sacramento Kings,82,25,57,109.1,1.023900394
2009-10,24,Phoenix Suns,82,54,28,109.1,1.023900394
2009-10,25,Los Angeles Clippers,82,29,53,109.1,1.023900394
2009-10,26,Detroit Pistons,82,27,55,110.3,1.03516236
2009-10,27,New York Knicks,82,29,53,110.3,1.03516236
2009-10,28,Golden State Warriors,82,26,56,110.3,1.03516236
2009-10,29,Minnesota Timberwolves,82,15,67,110.4,1.036100857
2009-10,30,Toronto Raptors,82,40,42,112.2,1.052993806
2009-10,,League Avg,,,,106.5533333,1
2010-11,1,Chicago Bulls,82,62,20,99.5,0.936235611
2010-11,2,Boston Celtics,82,56,26,99.8,0.939058432
2010-11,3,Milwaukee Bucks,82,35,47,101.5,0.955054418
2010-11,4,Orlando Magic,82,52,30,101.8,0.957877239
2010-11,5,Miami Heat,82,58,24,102.9,0.968227582
2010-11,6,Los Angeles Lakers,82,57,25,103.3,0.971991343
2010-11,7,Philadelphia 76ers,82,41,41,103.8,0.976696045
2010-11,8,Dallas Mavericks,82,57,25,104.1,0.979518866
2010-11,9,New Orleans Hornets,82,46,36,104.4,0.982341687
2010-11,10,San Antonio Spurs,82,61,21,104.4,0.982341687
2010-11,11,Memphis Grizzlies,82,46,36,104.5,0.983282627
2010-11,12,Indiana Pacers,82,37,45,105,0.987987329
2010-11,13,Portland Trail Blazers,82,48,34,105.7,0.994573911
2010-11,14,Atlanta Hawks,82,44,38,105.8,0.995514851
2010-11,15,Oklahoma City Thunder,82,55,27,105.9,0.996455791
2010-11,16,Denver Nuggets,82,50,32,106.8,1.004924254
2010-11,17,Charlotte Bobcats,82,34,48,107,1.006806135
2010-11,18,Houston Rockets,82,43,39,107.9,1.015274598
2010-11,19,Los Angeles Clippers,82,32,50,108,1.016215538
2010-11,20,Sacramento Kings,82,24,58,108.4,1.019979299
2010-11,21,Utah Jazz,82,39,43,108.8,1.023743061
2010-11,22,New Jersey Nets,82,24,58,108.9,1.024684001
2010-11,23,New York Knicks,82,42,40,109,1.025624941
2010-11,24,Washington Wizards,82,23,59,109.1,1.026565882
2010-11,25,Golden State Warriors,82,36,46,109.4,1.029388702
2010-11,26,Phoenix Suns,82,40,42,109.4,1.029388702
2010-11,27,Minnesota Timberwolves,82,17,65,109.9,1.034093404
2010-11,28,Detroit Pistons,82,30,52,110.7,1.041620927
2010-11,29,Cleveland Cavaliers,82,19,63,110.9,1.043502807
2010-11,30,Toronto Raptors,82,22,60,111.7,1.05103033
2010-11,,League Avg,,,,106.2766667,1
2011-12,1,Chicago Bulls,66,50,16,97.5,0.942089668
2011-12,2,Boston Celtics,66,39,27,97.5,0.942089668
2011-12,3,Philadelphia 76ers,66,35,31,98.2,0.948853388
2011-12,4,Miami Heat,66,46,20,99.2,0.958515846
2011-12,5,New York Knicks,66,36,30,100.2,0.968178305
2011-12,6,Atlanta Hawks,66,40,26,100.4,0.970110796
2011-12,7,Memphis Grizzlies,66,41,25,100.6,0.972043288
2011-12,8,Dallas Mavericks,66,36,30,100.9,0.974942025
2011-12,9,Oklahoma City Thunder,66,47,19,102.1,0.986536975
2011-12,10,Indiana Pacers,66,42,24,102.1,0.986536975
2011-12,11,San Antonio Spurs,66,50,16,102.3,0.988469467
2011-12,12,Los Angeles Lakers,66,41,25,103.2,0.997165679
2011-12,13,Orlando Magic,66,37,29,103.4,0.999098171
2011-12,14,Toronto Raptors,66,23,43,103.6,1.001030662
2011-12,15,New Orleans Hornets,66,21,45,103.9,1.0039294
2011-12,16,Houston Rockets,66,34,32,104,1.004895645
2011-12,17,Milwaukee Bucks,66,31,35,104.1,1.005861891
2011-12,18,Los Angeles Clippers,66,40,26,104.8,1.012625612
2011-12,19,Washington Wizards,66,20,46,104.9,1.013591858
2011-12,20,Utah Jazz,66,36,30,104.9,1.013591858
2011-12,21,Detroit Pistons,66,25,41,105,1.014558104
2011-12,22,Denver Nuggets,66,38,28,105.1,1.015524349
2011-12,23,Phoenix Suns,66,33,33,105.2,1.016490595
2011-12,24,Minnesota Timberwolves,66,26,40,105.3,1.017456841
2011-12,25,Portland Trail Blazers,66,28,38,105.3,1.017456841
2011-12,26,Golden State Warriors,66,23,43,107.3,1.036781757
2011-12,27,Cleveland Cavaliers,66,21,45,107.6,1.039680495
2011-12,28,New Jersey Nets,66,22,44,108.1,1.044511724
2011-12,29,Sacramento Kings,66,22,44,108.7,1.050309199
2011-12,30,Charlotte Bobcats,66,7,59,109.4,1.057072919
2011-12,,League Avg,,,,103.4933333,1
2012-13,1,Indiana Pacers,81,49,32,99,0.944957047
2012-13,2,Memphis Grizzlies,82,56,26,99.1,0.945911549
2012-13,3,San Antonio Spurs,82,58,24,100.3,0.957365574
2012-13,4,Oklahoma City Thunder,82,60,22,101.2,0.965956093
2012-13,5,Washington Wizards,82,29,53,101.6,0.969774101
2012-13,6,Chicago Bulls,82,45,37,101.9,0.972637607
2012-13,7,Boston Celtics,81,41,40,102.6,0.979319122
2012-13,8,Los Angeles Clippers,82,56,26,102.8,0.981228126
2012-13,9,Miami Heat,82,66,16,103.2,0.985046134
2012-13,10,Atlanta Hawks,82,44,38,103.4,0.986955138
2012-13,11,Minnesota Timberwolves,82,31,51,104,0.992682151
2012-13,12,Golden State Warriors,82,47,35,104.2,0.994591155
2012-13,13,Denver Nuggets,82,57,25,104.2,0.994591155
2012-13,14,Milwaukee Bucks,82,38,44,104.2,0.994591155
2012-13,15,Philadelphia 76ers,82,34,48,104.7,0.999363665
2012-13,16,Brooklyn Nets,82,49,33,104.8,1.000318167
2012-13,17,Houston Rockets,82,45,37,105.3,1.005090678
2012-13,18,Dallas Mavericks,82,41,41,105.4,1.00604518
2012-13,19,New York Knicks,82,54,28,105.4,1.00604518
2012-13,20,Utah Jazz,82,43,39,105.6,1.007954184
2012-13,21,Los Angeles Lakers,82,45,37,105.9,1.01081769
2012-13,22,Toronto Raptors,82,34,48,106.4,1.0155902
2012-13,23,Phoenix Suns,82,25,57,106.9,1.020362711
2012-13,24,Detroit Pistons,82,29,53,107.2,1.023226217
2012-13,25,Portland Trail Blazers,82,33,49,107.9,1.029907731
2012-13,26,Cleveland Cavaliers,82,24,58,108.2,1.032771238
2012-13,27,Orlando Magic,82,20,62,108.4,1.034680242
2012-13,28,New Orleans Hornets,82,27,55,108.9,1.039452752
2012-13,29,Sacramento Kings,82,28,54,110,1.049952275
2012-13,30,Charlotte Bobcats,82,21,61,110.3,1.052815781
2012-13,,League Avg,,,,104.7666667,1
2013-14,1,Indiana Pacers,82,56,26,98.9,0.935755511
2013-14,2,Chicago Bulls,82,48,34,99.9,0.945217144
2013-14,3,Golden State Warriors,82,51,31,101.4,0.959409594
2013-14,4,San Antonio Spurs,82,62,20,101.4,0.959409594
2013-14,5,Oklahoma City Thunder,82,59,23,103,0.974548207
2013-14,6,Charlotte Bobcats,82,43,39,103.3,0.977386697
2013-14,7,Washington Wizards,82,44,38,103.6,0.980225187
2013-14,8,Memphis Grizzlies,82,50,32,103.8,0.982117513
2013-14,9,Los Angeles Clippers,82,57,25,104,0.98400984
2013-14,10,Toronto Raptors,82,48,34,104.6,0.98968682
2013-14,11,Miami Heat,82,54,28,105,0.993471473
2013-14,12,Minnesota Timberwolves,82,40,42,105.2,0.9953638
2013-14,13,Houston Rockets,82,54,28,105.2,0.9953638
2013-14,14,Phoenix Suns,82,48,34,105.6,0.999148453
2013-14,15,Atlanta Hawks,82,38,44,105.7,1.000094616
2013-14,16,Portland Trail Blazers,82,54,28,106.2,1.004825433
2013-14,17,Boston Celtics,82,25,57,106.5,1.007663923
2013-14,18,Orlando Magic,82,23,59,106.6,1.008610086
2013-14,19,Brooklyn Nets,82,44,38,106.7,1.009556249
2013-14,20,Cleveland Cavaliers,82,33,49,107,1.012394739
2013-14,21,Dallas Mavericks,82,49,33,107.2,1.014287066
2013-14,22,Denver Nuggets,82,36,46,107.3,1.015233229
2013-14,23,Sacramento Kings,82,28,54,107.8,1.019964046
2013-14,24,New York Knicks,82,37,45,108.1,1.022802536
2013-14,25,Detroit Pistons,82,29,53,109,1.031318005
2013-14,26,Philadelphia 76ers,82,19,63,109,1.031318005
2013-14,27,New Orleans Pelicans,82,34,48,109.1,1.032264169
2013-14,28,Los Angeles Lakers,82,27,55,109.3,1.034156495
2013-14,29,Utah Jazz,82,25,57,110.1,1.041725802
2013-14,30,Milwaukee Bucks,82,15,67,110.2,1.042671965
2013-14,,League Avg,,,,105.69,1
2014-15,1,Golden State Warriors,82,67,15,100.4,0.958503055
2014-15,2,Memphis Grizzlies,82,55,27,101.2,0.96614053
2014-15,3,San Antonio Spurs,82,55,27,101.4,0.968049898
2014-15,4,Milwaukee Bucks,82,41,41,101.4,0.968049898
2014-15,5,Atlanta Hawks,82,60,22,102.3,0.976642057
2014-15,6,Washington Wizards,82,46,36,102.4,0.977596741
2014-15,7,Houston Rockets,82,56,26,102.6,0.97950611
2014-15,8,Indiana Pacers,82,38,44,102.7,0.980460794
2014-15,9,Portland Trail Blazers,82,51,31,102.8,0.981415479
2014-15,10,Charlotte Hornets,82,33,49,103,0.983324847
2014-15,11,Chicago Bulls,82,50,32,103.3,0.9861889
2014-15,12,Boston Celtics,82,40,42,103.5,0.988098269
2014-15,13,Philadelphia 76ers,82,18,64,103.9,0.991917006
2014-15,14,Utah Jazz,82,38,44,104.1,0.993826375
2014-15,15,Oklahoma City Thunder,82,45,37,104.6,0.998599796
2014-15,16,Los Angeles Clippers,82,56,26,104.7,0.999554481
2014-15,17,Dallas Mavericks,82,50,32,104.9,1.001463849
2014-15,18,Cleveland Cavaliers,82,53,29,105.3,1.005282587
2014-15,19,Phoenix Suns,82,39,43,105.3,1.005282587
2014-15,20,Detroit Pistons,82,32,50,105.4,1.006237271
2014-15,21,Miami Heat,82,37,45,106.1,1.012920061
2014-15,22,New Orleans Pelicans,82,45,37,106.3,1.01482943
2014-15,23,Brooklyn Nets,82,38,44,106.3,1.01482943
2014-15,24,Orlando Magic,82,25,57,106.8,1.019602851
2014-15,25,Toronto Raptors,82,49,33,107.1,1.022466904
2014-15,26,Denver Nuggets,82,30,52,107.1,1.022466904
2014-15,27,Sacramento Kings,82,29,53,108.2,1.032968432
2014-15,28,New York Knicks,82,17,65,109,1.040605906
2014-15,29,Los Angeles Lakers,82,21,61,109.4,1.044424644
2014-15,30,Minnesota Timberwolves,82,16,66,110.9,1.058744908
2014-15,,League Avg,,,,104.7466667,1
2015-16,1,San Antonio Spurs,82,67,15,98.2,0.930482297
2015-16,2,Atlanta Hawks,82,48,34,100.8,0.955118284
2015-16,3,Indiana Pacers,82,45,37,102.2,0.968383816
2015-16,4,Boston Celtics,82,48,34,102.5,0.97122643
2015-16,5,LA Clippers,82,53,29,102.7,0.973121506
2015-16,6,Golden State Warriors,82,73,9,102.8,0.974069044
2015-16,7,Utah Jazz,82,40,42,103.2,0.977859196
2015-16,8,Miami Heat,82,48,34,103.7,0.982596886
2015-16,9,Charlotte Hornets,82,48,34,103.7,0.982596886
2015-16,10,Cleveland Cavaliers,82,57,25,103.9,0.984491962
2015-16,11,Oklahoma City Thunder,82,55,27,104.8,0.993019804
2015-16,12,Toronto Raptors,82,56,26,104.8,0.993019804
2015-16,13,Detroit Pistons,82,44,38,104.9,0.993967342
2015-16,14,Washington Wizards,82,41,41,105.1,0.995862417
2015-16,15,Chicago Bulls,82,42,40,105.5,0.999652569
2015-16,16,Dallas Mavericks,82,42,40,105.9,1.003442721
2015-16,17,Orlando Magic,82,35,47,106,1.004390259
2015-16,18,New York Knicks,82,32,50,106.7,1.011023025
2015-16,19,Portland Trail Blazers,82,44,38,106.8,1.011970563
2015-16,20,Memphis Grizzlies,82,42,40,107.1,1.014813177
2015-16,21,Houston Rockets,82,41,41,107.3,1.016708253
2015-16,22,Sacramento Kings,82,33,49,107.6,1.019550867
2015-16,23,Milwaukee Bucks,82,33,49,107.8,1.021445943
2015-16,24,Phoenix Suns,82,23,59,107.9,1.022393481
2015-16,25,Denver Nuggets,82,33,49,108.2,1.025236095
2015-16,26,New Orleans Pelicans,82,30,52,108.4,1.027131171
2015-16,27,Philadelphia 76ers,82,10,72,108.6,1.029026247
2015-16,28,Minnesota Timberwolves,82,29,53,109,1.032816399
2015-16,29,Brooklyn Nets,82,21,61,109.7,1.039449165
2015-16,30,Los Angeles Lakers,82,17,65,110.3,1.045134392
2015-16,,League Avg,,,,105.5366667,1
2016-17,1,San Antonio Spurs,82,61,21,102.9,0.951514965
2016-17,2,Golden State Warriors,82,67,15,103.4,0.956138458
2016-17,3,Utah Jazz,82,51,31,104.7,0.968159541
2016-17,4,Atlanta Hawks,82,43,39,105.2,0.972783035
2016-17,5,Chicago Bulls,82,41,41,106.2,0.982030022
2016-17,6,Miami Heat,82,41,41,106.4,0.983879419
2016-17,7,Memphis Grizzlies,82,43,39,106.5,0.984804118
2016-17,8,Detroit Pistons,82,37,45,106.7,0.986653515
2016-17,9,New Orleans Pelicans,82,34,48,106.8,0.987578214
2016-17,10,Oklahoma City Thunder,82,47,35,107.1,0.99035231
2016-17,11,Toronto Raptors,82,51,31,107.1,0.99035231
2016-17,12,LA Clippers,82,51,31,107.5,0.994051105
2016-17,13,Dallas Mavericks,82,33,49,107.7,0.995900502
2016-17,14,Boston Celtics,82,53,29,108,0.998674599
2016-17,15,Indiana Pacers,82,42,40,108.1,0.999599297
2016-17,16,Philadelphia 76ers,82,28,54,108.2,1.000523996
2016-17,17,Charlotte Hornets,82,36,46,108.4,1.002373393
2016-17,18,Houston Rockets,82,55,27,108.4,1.002373393
2016-17,19,Milwaukee Bucks,82,42,40,108.7,1.005147489
2016-17,20,Washington Wizards,82,49,33,108.8,1.006072188
2016-17,21,Cleveland Cavaliers,82,51,31,109.7,1.014394476
2016-17,22,Portland Trail Blazers,82,41,41,110,1.017168573
2016-17,23,Brooklyn Nets,82,20,62,110.1,1.018093271
2016-17,24,Orlando Magic,82,29,53,110.3,1.019942669
2016-17,25,New York Knicks,82,31,51,110.7,1.023641463
2016-17,26,Sacramento Kings,82,32,50,110.8,1.024566162
2016-17,27,Minnesota Timberwolves,82,31,51,110.9,1.025490861
2016-17,28,Phoenix Suns,82,24,58,111.3,1.029189656
2016-17,29,Denver Nuggets,82,40,42,111.7,1.032888451
2016-17,30,Los Angeles Lakers,82,26,56,112,1.035662547
2016-17,,League Avg,,,,108.1433333,1
2017-18,1,Utah Jazz,82,48,34,103,0.955118694
2017-18,2,Boston Celtics,82,55,27,103.2,0.956973294
2017-18,3,Philadelphia 76ers,82,52,30,103.9,0.963464392
2017-18,4,San Antonio Spurs,82,47,35,104.1,0.965318991
2017-18,5,Toronto Raptors,82,59,23,105.3,0.976446588
2017-18,6,Portland Trail Blazers,82,49,33,105.7,0.980155786
2017-18,7,Houston Rockets,82,65,17,105.7,0.980155786
2017-18,8,Miami Heat,82,44,38,105.8,0.981083086
2017-18,9,Oklahoma City Thunder,82,48,34,106.4,0.986646884
2017-18,10,Detroit Pistons,82,39,43,106.7,0.989428783
2017-18,11,Golden State Warriors,82,58,24,106.8,0.990356083
2017-18,12,Indiana Pacers,82,48,34,107.3,0.994992582
2017-18,13,Los Angeles Lakers,82,35,47,107.3,0.994992582
2017-18,14,New Orleans Pelicans,82,48,34,107.4,0.995919881
2017-18,15,Washington Wizards,82,43,39,107.7,0.99870178
2017-18,16,Dallas Mavericks,82,24,58,108.4,1.005192878
2017-18,17,Charlotte Hornets,82,36,46,109,1.010756677
2017-18,18,Milwaukee Bucks,82,44,38,109.1,1.011683976
2017-18,19,LA Clippers,82,42,40,109.2,1.012611276
2017-18,20,Orlando Magic,82,25,57,109.4,1.014465875
2017-18,21,Brooklyn Nets,82,28,54,109.7,1.017247774
2017-18,22,New York Knicks,82,29,53,109.7,1.017247774
2017-18,23,Denver Nuggets,82,46,36,110,1.020029674
2017-18,24,Atlanta Hawks,82,24,58,110.1,1.020956973
2017-18,25,Minnesota Timberwolves,82,47,35,110.2,1.021884273
2017-18,26,Memphis Grizzlies,82,22,60,110.4,1.023738872
2017-18,27,Sacramento Kings,82,27,55,110.4,1.023738872
2017-18,28,Chicago Bulls,82,27,55,110.5,1.024666172
2017-18,29,Cleveland Cavaliers,82,50,32,111.1,1.03022997
2017-18,30,Phoenix Suns,82,21,61,111.7,1.035793769
2017-18,,League Avg,,,,107.84,1
2018-19,1,Milwaukee Bucks,82,60,22,104.9,0.956011908
2018-19,2,Utah Jazz,82,50,32,105.3,0.95965733
2018-19,3,Indiana Pacers,82,48,34,106,0.966036819
2018-19,4,Oklahoma City Thunder,82,49,33,106.5,0.970593596
2018-19,5,Toronto Raptors,82,58,24,106.8,0.973327663
2018-19,6,Boston Celtics,82,49,33,107,0.975150374
2018-19,7,Miami Heat,82,39,43,107.1,0.976061729
2018-19,8,Orlando Magic,82,42,40,107.6,0.980618507
2018-19,9,Memphis Grizzlies,82,33,49,108,0.984263929
2018-19,10,Denver Nuggets,82,54,28,108.1,0.985175284
2018-19,11,Golden State Warriors,82,57,25,108.6,0.989732061
2018-19,12,Detroit Pistons,82,41,41,108.7,0.990643417
2018-19,13,Los Angeles Lakers,82,37,45,108.9,0.992466128
2018-19,14,Philadelphia 76ers,82,51,31,109,0.993377483
2018-19,15,Brooklyn Nets,82,42,40,109,0.993377483
2018-19,16,Portland Trail Blazers,82,53,29,109.5,0.997934261
2018-19,17,Houston Rockets,82,53,29,110.1,1.003402394
2018-19,18,Dallas Mavericks,82,33,49,110.1,1.003402394
2018-19,19,LA Clippers,82,48,34,110.4,1.00613646
2018-19,20,San Antonio Spurs,82,48,34,110.5,1.007047816
2018-19,21,Sacramento Kings,82,39,43,110.8,1.009781882
2018-19,22,New Orleans Pelicans,82,33,49,112,1.020718148
2018-19,23,Charlotte Hornets,82,39,43,112,1.020718148
2018-19,24,Minnesota Timberwolves,82,36,46,112.2,1.022540859
2018-19,25,Chicago Bulls,82,22,60,112.8,1.028008992
2018-19,26,New York Knicks,82,17,65,112.9,1.028920348
2018-19,27,Washington Wizards,82,32,50,112.9,1.028920348
2018-19,28,Atlanta Hawks,82,29,53,113.1,1.030743059
2018-19,29,Phoenix Suns,82,19,63,114.2,1.040767969
2018-19,30,Cleveland Cavaliers,82,19,63,116.8,1.064463212
2018-19,,League Avg,,,,109.7266667,1
2019-20,1,Milwaukee Bucks,26,23,3,101.3,0.934588062
2019-20,2,Denver Nuggets,23,15,8,102.5,0.945659194
2019-20,3,Toronto Raptors,24,16,8,103.3,0.953039948
2019-20,4,Philadelphia 76ers,27,20,7,103.4,0.953962543
2019-20,5,Los Angeles Lakers,26,23,3,103.4,0.953962543
2019-20,6,LA Clippers,27,20,7,103.6,0.955807731
2019-20,7,Indiana Pacers,26,17,9,104.1,0.960420703
2019-20,8,Boston Celtics,24,17,7,104.1,0.960420703
2019-20,9,Miami Heat,25,18,7,104.9,0.967801458
2019-20,10,Chicago Bulls,27,9,18,105,0.968724052
2019-20,11,Utah Jazz,26,15,11,105.5,0.973337024
2019-20,12,Orlando Magic,25,11,14,105.9,0.977027401
2019-20,13,Oklahoma City Thunder,24,11,13,106.6,0.983485561
2019-20,14,Dallas Mavericks,24,17,7,107.8,0.994556693
2019-20,15,Houston Rockets,25,17,8,109.2,1.007473014
2019-20,16,Brooklyn Nets,24,13,11,109.4,1.009318203
2019-20,17,Phoenix Suns,24,11,13,109.5,1.010240797
2019-20,18,Sacramento Kings,25,11,14,109.5,1.010240797
2019-20,19,Detroit Pistons,25,10,15,109.9,1.013931174
2019-20,20,Portland Trail Blazers,26,10,16,111.3,1.026847495
2019-20,21,Memphis Grizzlies,25,8,17,111.3,1.026847495
2019-20,22,Minnesota Timberwolves,25,10,15,111.4,1.027770089
2019-20,23,San Antonio Spurs,24,9,15,112.2,1.035150844
2019-20,24,New York Knicks,26,6,20,112.3,1.036073439
2019-20,25,Charlotte Hornets,28,12,16,112.5,1.037918627
2019-20,26,Golden State Warriors,27,5,22,113,1.042531599
2019-20,27,Cleveland Cavaliers,25,6,19,113.7,1.048989759
2019-20,28,Atlanta Hawks,26,6,20,114.3,1.054525325
2019-20,29,New Orleans Pelicans,26,6,20,114.4,1.05544792
2019-20,30,Washington Wizards,23,7,16,116.4,1.073899806
2019-20,,League Avg,,,,108.39,1